"","Date","Site","TN","TP","Nitrate","Ammonium","SRP","DOC","Stream","DateStream","Q"
"1",2019-12-08,"1",1.20428042255453,0.040849321,0.515,0.0413,3.29,4.97,"BD","2019-12-08 BD",NA
"2",2019-12-08,"10",1.53354369598024,0.022310843,1.29,-0.0058,17.3,3.52,"FM","2019-12-08 FM",0.014969266638406
"3",2019-12-08,"11",1.51982439292084,0.021448588,1.3,-0.0029,16.8,3.61,"FM","2019-12-08 FM",0.014969266638406
"4",2019-12-08,"12",0.715873233639731,0.035136883,1.45,0.00646,25,3.96,"FM_Branch","2019-12-08 FM_Branch",0.0114956483149639
"5",2019-12-08,"14",1.47866648374263,0.0302867,1.29,-0.0026,29.4,3.51,"EF","2019-12-08 EF",0.0034475717994913
"6",2019-12-08,"15",1.50610508986144,0.029532227,1.3,0.0021,29.1,3.49,"EF","2019-12-08 EF",0.0034475717994913
"7",2019-12-08,"16",0.71175744272191,0.028238845,0.476,9e-04,26.5,3.39,"MB","2019-12-08 MB",0.00311327310632383
"8",2019-12-08,"18",0.909315406777336,0.050010778,0.643,0.01127,47.1,4.2,"MB","2019-12-08 MB",0.00311327310632383
"9",2019-12-08,"19",1.0945259980793,0.055399871,0.683,0.01351,44.9,4.83,"MB","2019-12-08 MB",0.00311327310632383
"10",2019-12-08,"20",1.4100699684456,0.034059064,0.758,9.99999999999994e-05,21.9,4.87,"MB","2019-12-08 MB",0.00311327310632383
"11",2019-12-08,"22",0.750171491288242,0.023712007,0.599,0.0017,24.6,1.91,"DE","2019-12-08 DE",NA
"12",2019-12-08,"23",0.935382082590204,0.033520155,0.843,-6e-04,37.1,2.41,"DE","2019-12-08 DE",NA
"13",2019-12-08,"24",1.03553299492386,0.028669972,0.895,-0.002,29.6,2.43,"DE","2019-12-08 DE",NA
"14",2019-12-08,"25",0.990259294827823,0.041496012,0.826,-0.0025,38.5,2.94,"DE","2019-12-08 DE",NA
"15",2019-12-08,"4",0.44285910275758,0.03901703,0.154,-0.0031,35.3,4.54,"LF","2019-12-08 LF",0.0413250182871246
"16",2019-12-08,"5",0.437371381533818,0.040741539,0.179,0.0022,35.8,4.35,"LF","2019-12-08 LF",0.0413250182871246
"17",2019-12-08,"6",0.791329400466456,0.04020263,0.503,0.00588,32.9,4.45,"LF","2019-12-08 LF",0.0413250182871246
"18",2019-12-08,"8",1.43750857456441,0.023712007,1.28,0.0027,17.2,3.56,"FM","2019-12-08 FM",0.014969266638406
"19",2019-12-15,"1",1.24543833173275,0.036430265,0.517,0.0292,2.29,4.56,"BD","2019-12-15 BD",NA
"20",2019-12-15,"10",2.39785978872273,0.038370338,2.11,0.005,30.6,3.16,"FM","2019-12-15 FM",0.0254345061466723
"21",2019-12-15,"11",2.19207024283166,0.039555939,2.13,8e-04,31.1,3.12,"FM","2019-12-15 FM",0.0254345061466723
"22",2019-12-15,"12",2.64480724379202,0.050980815,2.37,0.014471,37.4,3.18,"FM_Branch","2019-12-15 FM_Branch",0.019532428995337
"23",2019-12-15,"14",2.2881053642475,0.034274628,2.09,-0.000799999999999999,28.6,3.08,"EF","2019-12-15 EF",0.00585782111064011
"24",2019-12-15,"15",2.45273700096035,0.03556801,2.26,0.00749,28.5,3.12,"EF","2019-12-15 EF",0.00585782111064011
"25",2019-12-15,"16",1.30031554397037,0.032981246,0.97,0.01335,24.5,4.22,"MB","2019-12-15 MB",0.0814639297295024
"26",2019-12-15,"18",1.42378927150501,NA,1.1,0.0048,25.1,4.42,"MB","2019-12-15 MB",0.0814639297295024
"27",2019-12-15,"19",1.49238578680203,0.035891356,1.18,0.014453,23.6,4.57,"MB","2019-12-15 MB",0.0814639297295024
"28",2019-12-15,"2",0.633557415283304,0.023065316,0.537,0.01088,37.7,3.9,"LF","2019-12-15 LF",0.0684426316312476
"29",2019-12-15,"20",1.56098230209905,0.034059064,1.22,0.00873,18.9,4.58,"MB","2019-12-15 MB",0.0814639297295024
"30",2019-12-15,"23",1.51982439292084,0.028777754,1.38,0.0018,28.7,2.67,"DE","2019-12-15 DE",NA
"31",2019-12-15,"24",1.80792975716834,0.049795214,1.5,-0.0013,29.2,2.91,"DE","2019-12-15 DE",NA
"32",2019-12-15,"25",2.02743860611881,0.039663721,1.8,-0.0141,34.1,3.74,"DE","2019-12-15 DE",NA
"33",2019-12-15,"4",0.83248730964467,0.041172667,0.549,0.01063,32.9,3.89,"LF","2019-12-15 LF",0.0684426316312476
"34",2019-12-15,"5",0.909315406777336,0.04020263,0.601,0.01209,32.4,3.85,"LF","2019-12-15 LF",0.0684426316312476
"35",2019-12-15,"6",1.12196460419811,0.032981246,0.902,0.0173,26.7,3.76,"LF","2019-12-15 LF",0.0684426316312476
"36",2019-12-15,"8",2.32926327342571,0.037400302,2.12,0.00616,31,3.12,"FM","2019-12-15 FM",0.0254345061466723
"37",2020-01-06,"1",3.28961448758403,0.123194654,2.67,0.0538,40.1,4.71,"BD","2020-01-06 BD",NA
"38",2020-01-06,"10",7.391686102346,0.08568657,7.52,0.01179,75.7,2.59,"FM","2020-01-06 FM",0.36406725327521
"39",2020-01-06,"11",6.92522979832624,0.089890063,6.43,0.00133,71,2.59,"FM","2020-01-06 FM",0.36406725327521
"40",2020-01-06,"12",7.6797914665935,0.10487174,7.92,0.0068,75.7,NA,"FM_Branch","2020-01-06 FM_Branch",0.279585447152697
"41",2020-01-06,"14",5.34750994649472,0.066285837,5.51,0.0032,58.7,2.74,"EF","2020-01-06 EF",0.0838483291018135
"42",2020-01-06,"15",5.36122924955412,0.069088166,5.57,0.1239,61.6,2.76,"EF","2020-01-06 EF",0.0838483291018135
"43",2020-01-06,"16",4.05789545891069,0.065100237,3.92,0.0181,80.6,3.48,"MB","2020-01-06 MB",0.107623750716012
"44",2020-01-06,"18",5.05940458224722,0.095063591,4.11,0.01296,86.6,3.52,"MB","2020-01-06 MB",0.107623750716012
"45",2020-01-06,"19",4.42831664151461,0.094524682,4.21,-0.0103,79.8,3.67,"MB","2020-01-06 MB",0.107623750716012
"46",2020-01-06,"2",8.73617780216765,0.059603363,8.81,0.02141,52.9,2.43,"LF","2020-01-06 LF",0.933733665412266
"47",2020-01-06,"20",4.57922897516806,0.095494719,4.23,0.02425,90.4,3.76,"MB","2020-01-06 MB",0.107623750716012
"48",2020-01-06,"22",4.9908080669502,0.037184738,4.78,-0.0029,38.1,2.02,"DE","2020-01-06 DE",NA
"49",2020-01-06,"23",5.18287830978186,0.039555939,5.21,0.01384,40.6,NA,"DE","2020-01-06 DE",NA
"50",2020-01-06,"24",5.14172040060365,0.040957103,5.26,0.0375,41.3,2,"DE","2020-01-06 DE",NA
"51",2020-01-06,"25",5.41610646179174,0.042466049,5.57,0.0042,42.9,2.1,"DE","2020-01-06 DE",NA
"52",2020-01-06,"4",8.64014268075182,0.058741108,8.81,0.015743,52.1,2.31,"LF","2020-01-06 LF",0.933733665412266
"53",2020-01-06,"5",8.5852654685142,0.072537185,8.85,0.0139,53.4,NA,"LF","2020-01-06 LF",0.933733665412266
"54",2020-01-06,"6",8.36575661956373,0.057016598,9.02,0.01243,53.2,NA,"LF","2020-01-06 LF",0.933733665412266
"55",2020-01-06,"8",7.14473864727672,0.087195516,7.46,0.01833,76.9,2.63,"FM","2020-01-06 FM",0.36406725327521
"56",2020-01-13,"1",5.21031691590067,0.296723432,4.38,0.0669,121,NA,"BD","2020-01-13 BD",NA
"57",2020-01-13,"10",6.66456304019756,0.265466695,6.16,0.0291,170,4.21,"FM","2020-01-13 FM",3.0321100917431
"58",2020-01-13,"11",5.78652764439567,0.248221599,5.73,0.02146,156,NA,"FM","2020-01-13 FM",3.0321100917431
"59",2020-01-13,"12",6.59596652490054,0.278400517,6.47,0.0255,165,4.19,"FM_Branch","2020-01-13 FM_Branch",2.32850894495411
"60",2020-01-13,"15",4.66154479352449,0.166307394,4.4,0.00833,113,4.24,"EF","2020-01-13 EF",0.698325275229354
"61",2020-01-13,"16",3.70119357936617,0.216964863,3.4,0.0347,143,4.05,"MB","2020-01-13 MB",0.174104207418504
"62",2020-01-13,"18",3.87954451913843,0.229898685,3.54,0.0586,148,4.39,"MB","2020-01-13 MB",0.174104207418504
"63",2020-01-13,"19",3.93442173137605,0.224509593,3.59,0.072,151,4.37,"MB","2020-01-13 MB",0.174104207418504
"64",2020-01-13,"2",8.09137055837564,0.323668894,7.82,0.01991,154,NA,"LF","2020-01-13 LF",5.26073619631902
"65",2020-01-13,"20",4.07161476197009,0.237443415,3.65,0.01894,154,NA,"MB","2020-01-13 MB",0.174104207418504
"66",2020-01-13,"22",5.33379064343531,0.107027377,5.26,0.00652,72.3,2.8,"DE","2020-01-13 DE",NA
"67",2020-01-13,"23",5.40238715873234,0.101530502,5.41,0.003,73.3,2.78,"DE","2020-01-13 DE",NA
"68",2020-01-13,"24",5.6081767046234,0.105949558,5.51,0.0034,73.1,NA,"DE","2020-01-13 DE",NA
"69",2020-01-13,"25",5.82768555357388,0.121039017,5.72,0.0306,77.4,2.92,"DE","2020-01-13 DE",NA
"70",2020-01-13,"4",8.44807243792015,0.30534598,7.82,0.0347,153,4.54,"LF","2020-01-13 LF",5.26073619631902
"71",2020-01-13,"5",8.36575661956373,0.317201983,7.9,0.02327,153,4.71,"LF","2020-01-13 LF",5.26073619631902
"72",2020-01-13,"6",8.46179174097956,0.287023065,8.14,0.01257,141,4.33,"LF","2020-01-13 LF",5.26073619631902
"73",2020-01-13,"8",6.41761558512828,0.273011425,6.06,0.02185,169,4.26,"FM","2020-01-13 FM",3.0321100917431
"74",2020-01-31,"1",5.40238715873234,0.258999784,4.96,0.0927,125,4.09,"BD","2020-01-31 BD",NA
"75",2020-01-31,"10",5.82768555357388,0.02856219,6.17,0.00658,28.8,1.82,"FM","2020-01-31 FM",0.130392990997624
"76",2020-01-31,"11",5.92372067498971,0.027915499,5.48,0.0013,28.7,1.71,"FM","2020-01-31 FM",0.130392990997624
"77",2020-01-31,"12",6.71944025243518,0.031364518,6.01,-0.0024,29.7,1.67,"FM_Branch","2020-01-31 FM_Branch",0.100135297436625
"78",2020-01-31,"14",4.56550967210866,0.022849752,4.83,0.002,24.6,1.8,"EF","2020-01-31 EF",0.0300308097566627
"79",2020-01-31,"15",4.90849224859377,0.024574262,4.89,-6e-04,23.2,1.85,"EF","2020-01-31 EF",0.0300308097566627
"80",2020-01-31,"16",3.60515845795034,0.072213839,3.49,6e-04,57.7,2.6,"MB","2020-01-31 MB",0.083552635453206
"81",2020-01-31,"18",3.83838660996021,0.081483078,3.75,0.0042,67.6,2.63,"MB","2020-01-31 MB",0.083552635453206
"82",2020-01-31,"19",3.74235148854438,0.081914206,3.79,0.00841,67.8,2.59,"MB","2020-01-31 MB",0.083552635453206
"83",2020-01-31,"2",7.52887913294005,0.034597974,7.94,-0.0026,31.6,1.74,"LF","2020-01-31 LF",0.820427164288482
"84",2020-01-31,"20",3.93442173137605,0.087303298,3.9,0.01061,70.7,2.66,"MB","2020-01-31 MB",0.083552635453206
"85",2020-01-31,"22",4.71642200576211,0.020047424,4.73,-0.0034,22.1,1.47,"DE","2020-01-31 DE",NA
"86",2020-01-31,"23",4.73014130882151,0.023065316,4.94,-0.000399999999999999,25,1.47,"DE","2020-01-31 DE",NA
"87",2020-01-31,"24",4.92221155165318,0.025328735,5.04,-0.0012,26.2,1.81,"DE","2020-01-31 DE",NA
"88",2020-01-31,"25",5.14172040060365,0.030933391,5.26,0.000200000000000001,31.5,1.52,"DE","2020-01-31 DE",NA
"89",2020-01-31,"4",7.65235286047469,0.034813537,8,0,32.8,1.71,"LF","2020-01-31 LF",0.820427164288482
"90",2020-01-31,"5",7.91301961860337,0.03556801,8,-0.000399999999999999,31.7,1.73,"LF","2020-01-31 LF",0.820427164288482
"91",2020-01-31,"6",7.66607216353409,0.03438241,8.16,0.0031,32.5,1.67,"LF","2020-01-31 LF",0.820427164288482
"92",2020-01-31,"8",6.07463300864316,0.027268808,6.14,-0.0019,29.9,1.68,"FM","2020-01-31 FM",0.130392990997624
"93",2020-02-16,"1",6.29414185759363,0.109183014,6.23,0.0813,80.4,3.03,"BD","2020-02-16 BD",NA
"94",2020-02-16,"10",6.33529976677185,0.021340806,7,-0.0101,19.4,1.62,"FM","2020-02-16 FM",0.250965330173265
"95",2020-02-16,"11",5.66305391686102,0.019077387,6.38,-0.0069,16.9,1.68,"FM","2020-02-16 FM",0.250965330173265
"96",2020-02-16,"12",6.82919467691041,NA,NA,NA,NA,1.69,"FM_Branch","2020-02-16 FM_Branch",0.192728825306559
"97",2020-02-16,"14",4.79873782411854,0.017676223,5.07,-0.0059,12.8,1.87,"EF","2020-02-16 EF",0.0577998251922046
"98",2020-02-16,"15",4.92221155165318,0.017891787,5.31,0.0021,12.7,1.8,"EF","2020-02-16 EF",0.0577998251922046
"99",2020-02-16,"16",3.56400054877212,0.042142703,3.56,0.01282,35.7,2.25,"MB","2020-02-16 MB",0.103613400652416
"100",2020-02-16,"18",3.8109480038414,0.054860961,3.82,-0.0043,41.2,2.38,"MB","2020-02-16 MB",0.103613400652416
"101",2020-02-16,"19",3.85210591301962,0.055076525,3.96,-0.005,43.5,2.28,"MB","2020-02-16 MB",0.103613400652416
"102",2020-02-16,"2",8.36575661956373,0.024035352,9.15,-0.0036,16.6,1.54,"LF","2020-02-16 LF",1.5265757677073
"103",2020-02-16,"20",4.0990533680889,0.059818926,4.07,-0.0061,45.1,2.32,"MB","2020-02-16 MB",0.103613400652416
"104",2020-02-16,"22",4.77129921799973,0.01573615,5.31,-0.0082,14.7,1.54,"DE","2020-02-16 DE",NA
"105",2020-02-16,"23",5.04568527918782,0.019616297,5.38,-0.0084,16.1,1.42,"DE","2020-02-16 DE",NA
"106",2020-02-16,"24",5.07312388530663,0.018215133,5.64,-0.009,18.9,1.43,"DE","2020-02-16 DE",NA
"107",2020-02-16,"25",5.23775552201948,0.024358698,5.66,0.0024,23.2,1.48,"DE","2020-02-16 DE",NA
"108",2020-02-16,"4",8.74989710522705,0.021879715,9.05,-0.0047,16.3,1.55,"LF","2020-02-16 LF",1.5265757677073
"109",2020-02-16,"5",8.42063383180134,0.022095279,8.86,-0.0024,17.1,1.5,"LF","2020-02-16 LF",1.5265757677073
"110",2020-02-16,"6",8.76361640828646,0.018107351,9.44,-0.0072,17.4,1.52,"LF","2020-02-16 LF",1.5265757677073
"111",2020-02-16,"8",6.17066813005899,0.023496443,6.61,-0.008,18.6,1.65,"FM","2020-02-16 FM",0.250965330173265
"112",2020-03-01,"1",5.93743997804911,0.060142272,6.19,0.0619,34.6,2.47,"BD","2020-03-01 BD",NA
"113",2020-03-01,"10",5.77280834133626,0.01401164,6.21,0.0364,6.46,1.75,"FM","2020-03-01 FM",0.153583343521808
"114",2020-03-01,"11",5.5807380985046,0.007975857,5.85,0.0243,6.63,1.76,"FM","2020-03-01 FM",0.153583343521808
"115",2020-03-01,"12",6.33529976677185,0.010562621,6.62,0.0312,7.01,1.89,"FM_Branch","2020-03-01 FM_Branch",0.117944328657573
"116",2020-03-01,"14",4.46947455069282,0.007760293,4.8,0.0262,5.7,1.9,"EF","2020-03-01 EF",0.0353717798465077
"117",2020-03-01,"15",4.6889833996433,0.008299202,4.89,0.0279,5.81,1.88,"EF","2020-03-01 EF",0.0353717798465077
"118",2020-03-01,"16",3.46796542735629,0.020262988,3.55,0.0404,11,2.1,"MB","2020-03-01 MB",0.106270010807533
"119",2020-03-01,"18",3.70119357936617,0.02565208,3.84,0.0291,15.4,2.21,"MB","2020-03-01 MB",0.106270010807533
"120",2020-03-01,"19",3.93442173137605,0.028669972,3.92,0.0328,16,2.18,"MB","2020-03-01 MB",0.106270010807533
"121",2020-03-01,"2",7.73466867883112,0.008622548,8.36,0.0295,4.34,1.62,"LF","2020-03-01 LF",0.958207607684641
"122",2020-03-01,"20",3.94814103443545,0.032550119,4.06,0.0271,17.8,2.15,"MB","2020-03-01 MB",0.106270010807533
"123",2020-03-01,"22",NA,NA,4.79,0.0377,7.1,1.34,"DE","2020-03-01 DE",NA
"124",2020-03-01,"23",4.86733433941556,0.009053675,5.06,0.023,8.4,1.33,"DE","2020-03-01 DE",NA
"125",2020-03-01,"24",5.03196597612841,0.009808148,5.22,0.0288,10.1,1.31,"DE","2020-03-01 DE",NA
"126",2020-03-01,"25",5.36122924955412,0.013149386,5.54,0.0219,13.7,1.41,"DE","2020-03-01 DE",NA
"127",2020-03-01,"4",8.14624777061325,0.00991593,8.61,0.0244,4.15,1.58,"LF","2020-03-01 LF",0.958207607684641
"128",2020-03-01,"5",8.13252846755385,0.01401164,8.41,0.0289,4.26,1.6,"LF","2020-03-01 LF",0.958207607684641
"129",2020-03-01,"6",8.33831801344492,0.010454839,8.63,0.0306,4.77,1.56,"LF","2020-03-01 LF",0.958207607684641
"130",2020-03-01,"8",5.8962820688709,0.008406984,6.11,0.0255,6.8,1.72,"FM","2020-03-01 FM",0.153583343521808
"131",2020-03-08,"1",5.47098367402936,0.123194654,5.56,0.089,87.5,2.737,"BD","2020-03-08 BD",NA
"132",2020-03-08,"10",5.52586088626698,0.023388661,5.77,0.057,17.9,1.468,"FM","2020-03-08 FM",0.158222976049497
"133",2020-03-08,"11",5.18287830978186,0.026298771,5.44,0.0425,19.4,1.473,"FM","2020-03-08 FM",0.158222976049497
"134",2020-03-08,"12",5.97859788722733,0.018754042,6.18,0.0704,15.2,1.382,"FM_Branch","2020-03-08 FM_Branch",0.121507334457211
"135",2020-03-08,"14",4.15393058032652,0.037076956,4.2,0.0515,25.8,1.727,"EF","2020-03-08 EF",0.0364403336139595
"136",2020-03-08,"15",4.14021127726711,0.040094848,4.26,0.0904,26.1,1.861,"EF","2020-03-08 EF",0.0364403336139595
"137",2020-03-08,"16",3.042667033,0.058525544,2.81,0.06,30.5,1.945,"MB","2020-03-08 MB",0.0804392398070395
"138",2020-03-08,"18",3.179860063,0.083423152,3.02,0.0559,44.1,2.404,"MB","2020-03-08 MB",0.0804392398070395
"139",2020-03-08,"19",3.3444917,0.086333261,3.12,0.0687,37.7,2.117,"MB","2020-03-08 MB",0.0804392398070395
"140",2020-03-08,"2",7.58375634517767,0.020801897,7.96,0.062,16.6,1.446,"LF","2020-03-08 LF",0.921732113649228
"141",2020-03-08,"20",3.440526821,0.091830136,3.36,0.076,46.7,2.094,"MB","2020-03-08 MB",0.0804392398070395
"142",2020-03-08,"22",4.359720126,0.014442768,4.42,0.0498,12,1.174,"DE","2020-03-08 DE",NA
"143",2020-03-08,"23",4.634106187,0.013364949,4.75,0.0392,13.4,1.168,"DE","2020-03-08 DE",NA
"144",2020-03-08,"24",4.853615036,0.014334986,4.93,0.0623,14.2,1.135,"DE","2020-03-08 DE",NA
"145",2020-03-08,"25",5.031965976,0.017137314,5.18,0.072,16.4,1.249,"DE","2020-03-08 DE",NA
"146",2020-03-08,"4",7.61119495129647,0.021017461,7.97,0.0627,15.5,1.534,"LF","2020-03-08 LF",0.921732113649228
"147",2020-03-08,"5",7.19961585951434,0.021017461,7.96,0.045,16.6,1.497,"LF","2020-03-08 LF",0.921732113649228
"148",2020-03-08,"6",7.55631773905886,0.02155637,8.15,0.0576,17.8,1.408,"LF","2020-03-08 LF",0.921732113649228
"149",2020-03-08,"8",5.18287830978186,0.023173098,5.67,0.059,17.6,1.454,"FM","2020-03-08 FM",0.158222976049497
"150",2020-05-22,"1",5.237755522,0.130739383,4.76,0.272,61.3,4.184,"BD","2020-05-22 BD",NA
"151",2020-05-22,"10",8.18740568,0.065531365,8.68,0.066,51.6,2.41,"FM","2020-05-22 FM",2.96330275229356
"152",2020-05-22,"11",8.722458499,0.064992455,8.76,0.0603,51.7,2.393,"FM","2020-05-22 FM",2.96330275229356
"153",2020-05-22,"12",8.461791741,0.060465618,9.01,0.0518,48.3,2.27,"FM_Branch","2020-05-22 FM_Branch",2.27566834862384
"154",2020-05-22,"14",7.816984497,0.073507221,7.8,0.105,57.3,3.037,"EF","2020-05-22 EF",0.682478256880729
"155",2020-05-22,"15",7.446563315,0.0731838758353093,7.84,0.109,57.5,3.037,"EF","2020-05-22 EF",0.682478256880729
"156",2020-05-22,"16",7.213335163,0.108105195085148,6.94,0.151,80.3,3.25,"MB","2020-05-22 MB",0.192658624145621
"157",2020-05-22,"19",7.954177528,0.122116835524898,7.81,0.157,87.6,3.566,"MB","2020-05-22 MB",0.192658624145621
"158",2020-05-22,"2",11.57607354,0.130739383,11.5,0.0411,33.5,2.186,"LF","2020-05-22 LF",1.67126937274827
"159",2020-05-22,"20",8.269721498,0.130739383487821,8.03,0.241,92.3,3.625,"MB","2020-05-22 MB",0.192658624145621
"160",2020-05-22,"22",6.362738373,0.0440827764604441,6.55,0.0355,41.9,1.542,"DE","2020-05-22 DE",NA
"161",2020-05-22,"23",6.650843737,0.0439749946109075,6.92,0.0358,42,1.606,"DE","2020-05-22 DE",NA
"162",2020-05-22,"24",6.554808616,0.0431127398146152,7.04,0.0327,42.4,1.552,"DE","2020-05-22 DE",NA
"163",2020-05-22,"25",7.007545617,0.0433283035136883,7.38,0.0477,43.2,1.61,"DE","2020-05-22 DE",NA
"164",2020-05-22,"4",11.52119632,0.048609614,11.5,0.0365,32.9,2.176,"LF","2020-05-22 LF",1.67126937274827
"165",2020-05-22,"5",11.31540678,0.045268377,11.6,0.0388,32.2,2.199,"LF","2020-05-22 LF",1.67126937274827
"166",2020-05-22,"6",11.37028399,0.042681612,11.6,0.0268,31.3,2.115,"LF","2020-05-22 LF",1.67126937274827
"167",2020-05-22,"8",8.612704075,0.064561328,8.64,0.0637,51.6,2.453,"FM","2020-05-22 FM",2.96330275229356
"168",2020-06-01,"1",6.499931403,0.11457210605734,5.54,0.0526,9.62,3.908,"BD","2020-06-01 BD",NA
"169",2020-06-01,"10",6.10207161476197,0.0246820435438672,6.5,0.0281,19.1,1.744,"FM","2020-06-01 FM",0.9577631533467
"170",2020-06-01,"11",6.04719440252435,0.0293166630739384,6.5,0.0251,18.6,1.735,"FM","2020-06-01 FM",0.9577631533467
"171",2020-06-01,"12",6.45877349430649,0.0237120068980384,6.8,0.0264,18.4,1.733,"FM_Branch","2020-06-01 FM_Branch",0.735514213612598
"172",2020-06-01,"14",4.94965015777199,0.0146583315369692,5.13,-0.00784,12.3,1.9,"EF","2020-06-01 EF",0.220582431847279
"173",2020-06-01,"15",5.85512415969269,0.0264065531364518,6.49,0.0139,25.7,1.35,"EF","2020-06-01 EF",0.220582431847279
"174",2020-06-01,"16",3.94814103443545,0.0208018969605518,3.94,0.033,14.5,2.367,"MB","2020-06-01 MB",0.122146804073635
"175",2020-06-01,"18",4.37343942927699,0.0231730976503557,4.4,0.031,13.2,2.515,"MB","2020-06-01 MB",0.122146804073635
"176",2020-06-01,"19",4.24996570174235,0.0185384781202845,4.49,0.0247,7.36,2.484,"MB","2020-06-01 MB",0.122146804073635
"177",2020-06-01,"2",9.284949925,0.026837680534598,9.52,0.0215,18,1.776,"LF","2020-06-01 LF",0.658459329108718
"178",2020-06-01,"20",4.6889833996433,0.021233024358698,4.76,0.0271,10.5,2.512,"MB","2020-06-01 MB",0.122146804073635
"179",2020-06-01,"22",5.26519412813829,0.0216641517568441,5.66,0.0318,20.4,1.287,"DE","2020-06-01 DE",NA
"180",2020-06-01,"23",5.73165043215805,0.0233886613494288,6.14,0.0286,23.5,1.312,"DE","2020-06-01 DE",NA
"181",2020-06-01,"24",6.01975579640554,0.0247898253934038,6.28,0.0131,24.8,1.299,"DE","2020-06-01 DE",NA
"182",2020-06-01,"25",4.9908080669502,0.0153050226341884,5.14,0.0235,13.1,1.859,"DE","2020-06-01 DE",NA
"183",2020-06-01,"4",8.8870901358211,0.026837680534598,9.52,0.0135,17.3,1.753,"LF","2020-06-01 LF",0.658459329108718
"184",2020-06-01,"5",8.8870901358211,0.0258676438887691,9.57,0.0217,17.9,1.771,"LF","2020-06-01 LF",0.658459329108718
"185",2020-06-01,"6",8.95568665111812,0.0205863332614788,9.55,0.0255,14.9,1.74,"LF","2020-06-01 LF",0.658459329108718
"186",2020-06-01,"8",6.23926464535602,0.0244664798447941,6.46,0.0243,19,1.706,"FM","2020-06-01 FM",0.9577631533467
"187",2020-06-08,"1",5.03196597612841,0.0455917223539556,4.81,0.18,6.46,3.747,"BD","2020-06-08 BD",NA
"188",2020-06-08,"10",4.23624639868295,0.0217719336063807,4.28,0.0264,13.8,1.837,"FM","2020-06-08 FM",0.262422987998559
"189",2020-06-08,"11",4.12649197420771,0.0192929510670403,4.24,0.0352,13.3,1.88,"FM","2020-06-08 FM",0.262422987998559
"190",2020-06-08,"12",4.45575524763342,0.0179995688726019,4.6,0.0282,11.2,1.838,"FM_Branch","2020-06-08 FM_Branch",0.201527733633493
"191",2020-06-08,"14",3.41308821511867,0.0196162966156499,3.36,0.026,12.6,2.011,"EF","2020-06-08 EF",0.0604386383659481
"192",2020-06-08,"15",3.30333379064344,0.0136882948911403,3.32,0.0247,7.91,2.11,"EF","2020-06-08 EF",0.0604386383659481
"193",2020-06-08,"16",2.38414048566333,0.0280232808794999,2.21,0.0428,21.4,2.305,"MB","2020-06-08 MB",0.0516486542342223
"194",2020-06-08,"18",2.86431609274249,0.0259754257383057,2.85,0.0349,17.2,2.511,"MB","2020-06-08 MB",0.0516486542342223
"195",2020-06-08,"19",3.27589518452463,0.0136882948911403,3.14,0.0254,6.02,2.592,"MB","2020-06-08 MB",0.0516486542342223
"196",2020-06-08,"2",5.74536973521745,0.0533520155205863,6,0.0348,34.1,2.222,"LF","2020-06-08 LF",0.269690936679885
"197",2020-06-08,"20",3.57771985183153,0.0259754257383057,3.4,0.0316,12.5,2.719,"MB","2020-06-08 MB",0.0516486542342223
"198",2020-06-08,"22",5.2926327342571,0.0366458288424229,5.47,0.0185,33,1.375,"DE","2020-06-08 DE",NA
"199",2020-06-08,"23",5.74536973521745,0.0357835740461306,6.02,0.0178,33.6,1.383,"DE","2020-06-08 DE",NA
"200",2020-06-08,"24",6.14322952394018,0.039663720629446,6.26,0.0216,39.6,1.359,"DE","2020-06-08 DE",NA
"201",2020-06-08,"25",6.03347509946495,0.0395559387799095,6.48,0.0173,38.8,1.393,"DE","2020-06-08 DE",NA
"202",2020-06-08,"4",5.71793112909864,4.83541711575771,6.04,0.0417,34.2,2.176,"LF","2020-06-08 LF",0.269690936679885
"203",2020-06-08,"5",5.6081767046234,0.0656391463677517,6.05,0.0535,34,2.17,"LF","2020-06-08 LF",0.269690936679885
"204",2020-06-08,"6",6.00603649334614,0.0497952144858806,6.25,0.0389,26.5,2.109,"LF","2020-06-08 LF",0.269690936679885
"205",2020-06-08,"8",4.20880779256414,0.0204785514119422,4.28,0.0282,13.5,1.858,"FM","2020-06-08 FM",0.262422987998559
"206",2020-06-15,"1",4.53807106598985,0.046669540849321,4.15,0.112,7.75,3.701,"BD","2020-06-15 BD",NA
"207",2020-06-15,"10",3.1935793661682,0.0174606596249192,3.23,0.0284,14,1.843,"FM","2020-06-15 FM",0.165446542421884
"208",2020-06-15,"11",3.34449169982165,0.0161672774304807,3.28,0.0317,13.2,1.871,"FM","2020-06-15 FM",0.165446542421884
"209",2020-06-15,"12",3.67375497324736,0.0113170942013365,3.56,0.0431,8.44,1.891,"FM_Branch","2020-06-15 FM_Branch",0.127054672252886
"210",2020-06-15,"14",2.68596515297023,0.0336279370553999,2.51,0.0392,28.2,2.083,"EF","2020-06-15 EF",0.0381039931851842
"211",2020-06-15,"15",2.50761421319797,0.0238197887475749,2.37,0.0401,19.3,2.186,"EF","2020-06-15 EF",0.0381039931851842
"212",2020-06-15,"16",1.54726299903965,0.031256736365596,1.36,0.0443,24.2,2.188,"MB","2020-06-15 MB",0.00366524257293639
"213",2020-06-15,"18",2.08231581835643,0.0288855356757922,1.92,0.0294,22,2.477,"MB","2020-06-15 MB",0.00366524257293639
"214",2020-06-15,"19",2.37042118260392,0.0218797154559172,2.14,0.03,11.4,2.707,"MB","2020-06-15 MB",0.00366524257293639
"215",2020-06-15,"2",4.92221155165318,0.041064884673421,4.94,0.0997,27.6,2.392,"LF","2020-06-15 LF",0.14307696533483
"216",2020-06-15,"20",2.96035121415832,0.0366458288424229,2.68,0.0479,14.4,2.687,"MB","2020-06-15 MB",0.00366524257293639
"217",2020-06-15,"22",4.63410618740568,0.0369691743910325,4.66,0.0229,24.8,1.333,"DE","2020-06-15 DE",NA
"218",2020-06-15,"23",4.6889833996433,0.0288855356757922,5.01,0.0229,27,1.424,"DE","2020-06-15 DE",NA
"219",2020-06-15,"24",5.49842228014817,0.0363224832938133,5.04,-0.00671,34.3,1.359,"DE","2020-06-15 DE",NA
"220",2020-06-15,"25",5.70421182603924,0.043867212761371,5.8,0.026,42.6,1.419,"DE","2020-06-15 DE",NA
"221",2020-06-15,"4",4.94965015777199,0.0377236473377883,4.98,0.0342,26.3,2.332,"LF","2020-06-15 LF",0.14307696533483
"222",2020-06-15,"5",4.94965015777199,0.0435438672127614,5,0.043,27.2,2.277,"LF","2020-06-15 LF",0.14307696533483
"223",2020-06-15,"6",5.41610646179174,0.0321189911618883,5.24,0.0299,21.6,2.299,"LF","2020-06-15 LF",0.14307696533483
"224",2020-06-15,"8",3.09754424475237,0.0174606596249192,3.25,0.0223,13.3,1.86,"FM","2020-06-15 FM",0.165446542421884
"225",2020-07-13,"1",2.31554397036631,0.0418193576201768,1.6,0.0902,-2.2,3.835,"BD","2020-07-13 BD",NA
"226",2020-07-13,"10",0.449718754287282,0.195408493209743,0.254,0.0191,32,2.261,"FM","2020-07-13 FM",0.0533938598446617
"227",2020-07-13,"11",0.466181917958568,0.0388014658331537,0.29,0.0191,31.9,2.336,"FM","2020-07-13 FM",0.0533938598446617
"228",2020-07-13,"12",0.589655645493209,0.024035352446648,0.311,0.0305,11.3,2.491,"FM_Branch","2020-07-13 FM_Branch",0.0410038146677079
"229",2020-07-13,"14",0.909315406777336,0.0528131062729036,0.654,0.0287,47.4,2.731,"EF","2020-07-13 EF",0.012297139860824
"230",2020-07-13,"15",0.788585539854575,0.0437594309118344,0.565,0.023,40.6,2.811,"EF","2020-07-13 EF",0.012297139860824
"231",2020-07-13,"16",0.250788859925916,0.0359991377452037,0.11,0.039,23.8,1.731,"MB","2020-07-13 MB",0.00161049339819319
"232",2020-07-13,"18",0.32212923583482,0.0718904936408709,0.144,0.0315,66.4,2.616,"MB","2020-07-13 MB",0.00161049339819319
"233",2020-07-13,"19",1.42378927150501,0.116727743048071,0.948,0.103,99.5,3.869,"MB","2020-07-13 MB",0.00161049339819319
"234",2020-07-13,"2",0.537522293867472,0.0776029316663074,0.234,0.0218,62.8,3.298,"LF","2020-07-13 LF",0.0310892671793921
"235",2020-07-13,"20",0.89285224310605,0.155529208881224,0.375,0.0164,114,4.84,"MB","2020-07-13 MB",0.00161049339819319
"236",2020-07-13,"22",1.35519275620798,0.0805130416037939,1.19,-0.00689,42.5,1.581,"DE","2020-07-13 DE",NA
"237",2020-07-13,"23",NA,NA,1.28,0.0527,47.6,1.847,"DE","2020-07-13 DE",NA
"238",2020-07-13,"24",1.86280696940595,0.0644535460228498,1.7,0.0222,63.2,1.99,"DE","2020-07-13 DE",NA
"239",2020-07-13,"25",1.56098230209905,0.0752317309765036,1.57,0.0168,73.2,2.015,"DE","2020-07-13 DE",NA
"240",2020-07-13,"4",0.463438057346687,0.0764173313214055,0.202,0.0268,60.1,3.676,"LF","2020-07-13 LF",0.0310892671793921
"241",2020-07-13,"5",0.556729318150638,0.0934468635481785,0.264,0.0467,66.7,3.614,"LF","2020-07-13 LF",0.0310892671793921
"242",2020-07-13,"6",0.662367951708053,0.0889200258676439,0.342,0.0211,72.8,3.843,"LF","2020-07-13 LF",0.0310892671793921
"243",2020-07-13,"8",0.396213472355604,0.0381547747359345,0.229,0.0321,27.4,2.365,"FM","2020-07-13 FM",0.0533938598446617
"244",2020-07-20,"1",1.68445602963369,0.0520586333261479,1.02,0.0966,4.43,3.806,"BD","2020-07-20 BD",NA
"245",2020-07-20,"10",0.355055563177391,0.0422504850183229,0.104,0.0415,30.1,2.336,"FM","2020-07-20 FM",0.0414596043776644
"246",2020-07-20,"11",0.349567841953629,0.0385859021340806,0.113,0.0399,29.6,2.428,"FM","2020-07-20 FM",0.0414596043776644
"247",2020-07-20,"12",0.440115242145699,0.0283466264281095,0.119,0.0259,5.45,2.456,"FM_Branch","2020-07-20 FM_Branch",0.0318389031818274
"248",2020-07-20,"16",0.300178350939772,0.0349213192498383,0.103,0.0508,24.8,1.846,"MB","2020-07-20 MB",-9.20778318276595e-05
"249",2020-07-20,"18",0.423652078474414,0.0813752964000862,0.0908,0.098,59.3,3.171,"MB","2020-07-20 MB",-9.20778318276595e-05
"250",2020-07-20,"2",0.735080257922898,0.118883380038801,0.209,0.0698,88.9,3.864,"LF","2020-07-20 LF",0.0187714075876521
"251",2020-07-20,"22",0.269995884209082,0.0243586979952576,0.456,0.0235,21.1,1.033,"DE","2020-07-20 DE",NA
"252",2020-07-20,"23",0.496364384689258,0.0589566716964863,0.306,0.0323,59.6,2.035,"DE","2020-07-20 DE",NA
"253",2020-07-20,"24",0.83385923995061,0.0666091830135805,0.61,0.0269,62.5,2.339,"DE","2020-07-20 DE",NA
"254",2020-07-20,"25",0.440115242145699,0.0688726018538478,0.206,0.0244,71.9,2.292,"DE","2020-07-20 DE",NA
"255",2020-07-20,"4",0.544381945397174,0.0859021340806208,0.11,0.0524,59.3,4.334,"LF","2020-07-20 LF",0.0187714075876521
"256",2020-07-20,"5",0.530662642337769,0.10303944815693,0.0882,0.272,52.8,3.836,"LF","2020-07-20 LF",0.0187714075876521
"257",2020-07-20,"6",0.644532857730827,0.115649924552705,0.131,0.0297,60.4,4.164,"LF","2020-07-20 LF",0.0187714075876521
"258",2020-07-20,"8",0.379750308684319,0.0451605949558094,0.0929,0.0611,26.3,2.489,"FM","2020-07-20 FM",0.0414596043776644
"259",2020-07-28,"1",1.00260666758129,0.0500107781849537,0.447,0.0808,6.94,3.813,"BD","2020-07-28 BD",NA
"260",2020-07-28,"10",0.419536287556592,0.0675792196594094,0.193,0.0307,37.3,2.575,"FM","2020-07-28 FM",0.0566685602894476
"261",2020-07-28,"11",0.435999451227878,0.0486096141409787,0.202,0.0355,35.8,2.586,"FM","2020-07-28 FM",0.0566685602894476
"262",2020-07-28,"12",0.427767869392235,0.0324423367104979,0.131,0.0266,10.8,2.566,"FM_Branch","2020-07-28 FM_Branch",0.0435186208742813
"263",2020-07-28,"16",0.475785430100151,0.0555076525113171,0.25,0.0325,36.7,2.772,"MB","2020-07-28 MB",0.00197533009034052
"264",2020-07-28,"18",1.28659624091096,0.116727743048071,0.839,0.0429,98.5,3.863,"MB","2020-07-28 MB",0.00197533009034052
"265",2020-07-28,"19",0.901083824941693,0.169540849320974,0.383,-0.0832,130,4.374,"MB","2020-07-28 MB",0.00197533009034052
"266",2020-07-28,"2",0.678831115379339,0.0974347919810304,0.349,0.0356,79.6,3.214,"LF","2020-07-28 LF",0.0287674053978457
"267",2020-07-28,"20",0.817396076279325,0.116727743048071,0.351,0.0368,79.4,4.43,"MB","2020-07-28 MB",0.00197533009034052
"268",2020-07-28,"22",1.30031554397037,0.052489760724294,1.17,0.0179,49.9,1.973,"DE","2020-07-28 DE",NA
"269",2020-07-28,"23",1.57470160515846,0.0728605302866997,1.48,0.0172,64.6,2.274,"DE","2020-07-28 DE",NA
"270",2020-07-28,"24",1.84908766634655,0.0743694761802113,1.68,0.0217,70.3,2.384,"DE","2020-07-28 DE",NA
"271",2020-07-28,"25",1.7118946357525,0.111338650571244,1.7,0.016,79.1,2.508,"DE","2020-07-28 DE",NA
"272",2020-07-28,"4",0.774866236795171,0.10023712006898,0.369,0.0316,76.4,3.392,"LF","2020-07-28 LF",0.0287674053978457
"273",2020-07-28,"5",0.913431197695157,0.146906660918301,0.422,0.0535,79.5,3.311,"LF","2020-07-28 LF",0.0287674053978457
"274",2020-07-28,"6",0.939497873508026,0.110260832075878,0.616,0.0321,74.9,3.703,"LF","2020-07-28 LF",0.0287674053978457
"275",2020-07-28,"8",0.468925778570449,0.0613278723862902,0.148,0.0483,35.3,2.54,"FM","2020-07-28 FM",0.0566685602894476
"276",2020-08-04,"1",0.943613664425847,0.0661780556154344,0.177,0.0652,7.5,3.86,"BD","2020-08-04 BD",NA
"277",2020-08-04,"10",0.588283715187269,0.067902565208019,0.268,0.0296,39.2,4.191,"FM","2020-08-04 FM",0.191992759414621
"278",2020-08-04,"11",0.662367951708053,0.0624056908816555,0.266,0.0257,39.2,4.301,"FM","2020-08-04 FM",0.191992759414621
"279",2020-08-04,"12",0.695294279050624,0.0663936193145074,0.272,0.0235,35.5,4.328,"FM_Branch","2020-08-04 FM_Branch",0.147440839592458
"280",2020-08-04,"14",0.660996021402113,0.0810519508514766,0.32,0.0251,62.1,3.719,"EF","2020-08-04 EF",0.0442178524207813
"281",2020-08-04,"15",0.763890794347647,0.157684845871955,0.442,0.0346,115,4.254,"EF","2020-08-04 EF",0.0442178524207813
"282",2020-08-04,"16",0.946357525037728,0.082129769346842,0.617,0.034,61.8,4.012,"MB","2020-08-04 MB",0.0912939383656033
"283",2020-08-04,"18",0.965564549320895,0.0970036645828843,0.537,0.0289,76.6,4.582,"MB","2020-08-04 MB",0.0912939383656033
"284",2020-08-04,"19",0.932638221978323,0.0952791549902996,0.425,0.0326,67.8,4.783,"MB","2020-08-04 MB",0.0912939383656033
"285",2020-08-04,"2",0.737824118534778,0.115649924552705,0.364,0.0341,75.5,4.102,"LF","2020-08-04 LF",0.114830867023994
"286",2020-08-04,"20",0.899711894635752,0.117805561543436,0.386,0.037,58.9,5.029,"MB","2020-08-04 MB",0.0912939383656033
"287",2020-08-04,"22",1.9862806969406,0.063699073076094,1.97,0.0165,62,2.222,"DE","2020-08-04 DE",NA
"288",2020-08-04,"23",2.3018246673069,0.0701659840482863,2.2,0.0125,65.6,2.218,"DE","2020-08-04 DE",NA
"289",2020-08-04,"24",2.48017560707916,0.0738305669325286,2.39,0.0268,71,2.202,"DE","2020-08-04 DE",NA
"290",2020-08-04,"25",2.61736863767321,0.0773873679672343,2.68,0.0184,74.5,NA,"DE","2020-08-04 DE",NA
"291",2020-08-04,"4",0.777610097407052,0.116727743048071,0.348,0.0426,80.8,4.066,"LF","2020-08-04 LF",0.114830867023994
"292",2020-08-04,"5",0.758403073123885,0.115649924552705,0.399,0.0529,73.3,4.049,"LF","2020-08-04 LF",0.114830867023994
"293",2020-08-04,"6",1.01906983125257,0.0938779909463247,0.676,0.0278,64.2,3.954,"LF","2020-08-04 LF",0.114830867023994
"294",2020-08-04,"8",0.687062697214981,0.0673636559603363,0.276,0.0252,38.5,4.313,"FM","2020-08-04 FM",0.191992759414621
"295",2020-08-18,"1",0.876389079434765,0.0896744988143997,0.0352,0.0263,6.15,4.125,"BD","2020-08-18 BD",NA
"296",2020-08-18,"10",0.280971326656606,0.0294244449234749,0.0837,-0.00517,20.4,2.356,"FM","2020-08-18 FM",0.00384167019923695
"297",2020-08-18,"11",0.32350116614076,0.0421427031687864,0.0954,0.0367,18.3,2.436,"FM","2020-08-18 FM",0.00384167019923695
"298",2020-08-18,"12",0.553985457538757,0.0381547747359345,0.222,0.0634,15.4,2.476,"FM_Branch","2020-08-18 FM_Branch",0.00295021062950402
"299",2020-08-18,"2",0.426395939086294,0.0688726018538478,0.146,0.0275,53.1,3.057,"LF","2020-08-18 LF",0.0182919599794438
"300",2020-08-18,"4",0.368774866236795,0.0699504203492132,0.0977,0.0413,37.4,3.814,"LF","2020-08-18 LF",0.0182919599794438
"301",2020-08-18,"5",0.445602963369461,0.0837464970898901,0.107,0.0359,49.4,3.634,"LF","2020-08-18 LF",0.0182919599794438
"302",2020-08-18,"6",0.567704760598162,0.0966803190342746,0.121,0.0326,50.5,3.769,"LF","2020-08-18 LF",0.0182919599794438
"303",2020-08-18,"8",0.342708190423926,0.0413882302220306,NA,NA,NA,2.571,"FM","2020-08-18 FM",0.00384167019923695
"304",2020-11-03,"1",1.59385521885522,0.0830660325185267,0.338,0.463,14.5,4.399,"BD","2020-11-03 BD",NA
"305",2020-11-03,"10",0.373316498316498,0.0501050768720274,0.0756,-0.0168,31.2,4.241,"FM","2020-11-03 FM",0.109069082890687
"306",2020-11-03,"11",0.426627384960718,0.0518747926114368,0.08,-0.0185,32.8,4.391,"FM","2020-11-03 FM",0.109069082890687
"307",2020-11-03,"12",0.587962962962963,0.0675810197986948,0.179,-0.00853,35.4,5.222,"FM_Branch","2020-11-03 FM_Branch",0.0837596022059029
"308",2020-11-03,"16",0.690375982042649,0.065147660657007,0.388,-0.00704,49.3,1.197,"MB","2020-11-03 MB",0.00250715259287103
"309",2020-11-03,"18",0.829264870931538,0.0859418205950669,0.527,-0.00766,74.3,0.999,"MB","2020-11-03 MB",0.00250715259287103
"310",2020-11-03,"19",1.1449214365881,0.114146665191904,0.625,-0.00731,92.1,4.256,"MB","2020-11-03 MB",0.00250715259287103
"311",2020-11-03,"2",0.482744107744108,0.0862736422962062,0.143,-0.00647,64.6,5.155,"LF","2020-11-03 LF",0.0310892671793921
"312",2020-11-03,"20",1.11686307519641,0.1039707996903,0.622,-0.0165,69.4,5.409,"MB","2020-11-03 MB",0.00250715259287103
"313",2020-11-03,"22",1.36938832772166,0.0541975445194116,1.18,-0.0199,50.7,5.852,"DE","2020-11-03 DE",NA
"314",2020-11-03,"23",1.53773849607183,0.0687976993695388,1.42,-0.0228,63.7,2.291,"DE","2020-11-03 DE",NA
"315",2020-11-03,"24",1.60788439955107,0.0665855546952771,1.41,-0.0189,58.6,2.539,"DE","2020-11-03 DE",NA
"316",2020-11-03,"25",1.63594276094276,0.0671385908638425,1.43,-0.0246,62.1,2.643,"DE","2020-11-03 DE",NA
"317",2020-11-03,"4",0.596380471380471,0.0871585001659109,0.151,-0.00754,62.1,5.649,"LF","2020-11-03 LF",0.0310892671793921
"318",2020-11-03,"5",0.623035914702581,0.0914721822807212,0.214,-0.00863,66.3,5.747,"LF","2020-11-03 LF",0.0310892671793921
"319",2020-11-03,"6",0.851711560044893,0.0754341333923239,0.455,-0.0129,51.4,5.689,"LF","2020-11-03 LF",0.0310892671793921
"320",2020-11-03,"8",0.373316498316498,0.0452383585886517,0.067,-0.0203,31.4,4.403,"FM","2020-11-03 FM",0.109069082890687
"321",2020-11-17,"1",1.60788439955107,0.100652582678907,0.454,0.197,1.39,4.676,"BD","2020-11-17 BD",NA
"322",2020-11-17,"10",0.217592592592593,0.0348412786196217,0.0211,-0.00319,20.8,2.808,"FM","2020-11-17 FM",0.104307014443059
"323",2020-11-17,"11",0.238636363636364,0.0258820926888618,0.0196,-0.0101,21,3.072,"FM","2020-11-17 FM",0.104307014443059
"324",2020-11-17,"12",0.370510662177329,0.0189138369649375,0.0944,-0.0158,11.7,3.237,"FM_Branch","2020-11-17 FM_Branch",0.0801025717415472
"325",2020-11-17,"16",0.329826038159371,0.0701249861740958,0.0283,-0.0306,39.8,3.238,"MB","2020-11-17 MB",0.00570836415094911
"326",2020-11-17,"18",0.332631874298541,0.0858312133613538,0.0399,0.208,70.1,3.995,"MB","2020-11-17 MB",0.00570836415094911
"327",2020-11-17,"19",0.453282828282828,0.111934520517642,0.0536,-0.00663,88.6,5.014,"MB","2020-11-17 MB",0.00570836415094911
"328",2020-11-17,"2",0.322811447811448,0.0699037717066696,0.0322,-0.0286,57.1,4.021,"LF","2020-11-17 LF",0.0323195556360649
"329",2020-11-17,"20",0.536054994388328,0.104081406924013,0.0641,-0.036,70.6,5.508,"MB","2020-11-17 MB",0.00570836415094911
"330",2020-11-17,"22",0.209175084175084,0.0370534232938834,0.0552,-0.0295,29.5,2.3,"DE","2020-11-17 DE",NA
"331",2020-11-17,"23",0.286335578002245,0.0577369759982303,0.0596,-0.0286,43.1,2.693,"DE","2020-11-17 DE",NA
"332",2020-11-17,"24",0.369107744107744,0.0488883973011835,0.124,-0.015,41.5,3.12,"DE","2020-11-17 DE",NA
"333",2020-11-17,"25",0.251262626262626,0.0600597279062051,0.0142,-0.0272,54.9,3.218,"DE","2020-11-17 DE",NA
"334",2020-11-17,"4",0.387345679012346,0.0669173763964163,0.0182,-0.0175,49,4.596,"LF","2020-11-17 LF",0.0323195556360649
"335",2020-11-17,"5",0.366301907968575,0.0697931644729565,0.0295,-0.0101,50.9,4.522,"LF","2020-11-17 LF",0.0323195556360649
"336",2020-11-17,"6",0.477132435465769,0.0679128414998341,0.0378,-0.0308,34.4,5.127,"LF","2020-11-17 LF",0.0323195556360649
"337",2020-11-17,"8",0.210578002244669,0.0249972348191572,0.0191,-0.0309,20.2,2.843,"FM","2020-11-17 FM",0.104307014443059
"338",2020-12-02,"1",1.72011784511785,0.0841721048556576,0.806,0.148,1.89,4.383,"BD","2020-12-02 BD",NA
"339",2020-12-02,"10",4.32954545454546,0.058732441101648,4.36,-0.0266,48.8,2.736,"FM","2020-12-02 FM",0.441770710639034
"340",2020-12-02,"11",4.62415824915825,0.0611658002433359,4.41,-0.0269,48.5,2.721,"FM","2020-12-02 FM",0.441770710639034
"341",2020-12-02,"12",4.89071268237935,0.0596172989713527,4.76,-0.0164,48.9,2.596,"FM_Branch","2020-12-02 FM_Branch",0.339257817235247
"342",2020-12-02,"14",4.39969135802469,0.0720053091472182,4.29,-0.0276,58,3.653,"EF","2020-12-02 EF",0.101744212367276
"343",2020-12-02,"15",4.6381874298541,0.0736644176529145,4.38,-0.0299,55.3,3.558,"EF","2020-12-02 EF",0.101744212367276
"344",2020-12-02,"16",3.08094837261504,0.0935737197212698,2.75,-0.00279,73.2,3.961,"MB","2020-12-02 MB",0.155357663089881
"345",2020-12-02,"18",3.23526936026936,0.102090476717177,2.91,0.00517,77.3,4.24,"MB","2020-12-02 MB",0.155357663089881
"346",2020-12-02,"19",3.29138608305275,0.0998783320429156,2.97,0.0103,76.5,3.892,"MB","2020-12-02 MB",0.155357663089881
"347",2020-12-02,"2",4.18925364758698,0.09644950779781,4.09,-0.0287,80.1,2.985,"LF","2020-12-02 LF",0.280363354410158
"348",2020-12-02,"20",3.48779461279461,0.105851122663422,NA,NA,NA,3.986,"MB","2020-12-02 MB",0.155357663089881
"349",2020-12-02,"22",4.06299102132435,0.0463444309257825,3.95,-0.0294,38.6,1.817,"DE","2020-12-02 DE",NA
"350",2020-12-02,"23",4.28745791245791,0.0477823249640527,4.16,-0.041,40.1,1.765,"DE","2020-12-02 DE",NA
"351",2020-12-02,"24",4.32954545454546,0.0438004645503816,4.23,-0.0302,39.2,1.923,"DE","2020-12-02 DE",NA
"352",2020-12-02,"25",4.42774971941639,0.0483353611326181,4.34,-0.0399,39.3,1.776,"DE","2020-12-02 DE",NA
"353",2020-12-02,"4",4.31551627384961,0.0978874018360801,4.13,-0.0257,80.7,3.004,"LF","2020-12-02 LF",0.280363354410158
"354",2020-12-02,"5",4.46983726150393,0.0978874018360801,4.17,-0.0327,80.5,2.922,"LF","2020-12-02 LF",0.280363354410158
"355",2020-12-02,"6",4.38566217732884,0.150647052317222,4.36,-0.0305,136,2.861,"LF","2020-12-02 LF",0.280363354410158
"356",2020-12-02,"8",4.52595398428732,0.061276407477049,4.38,-0.0321,48.8,2.798,"FM","2020-12-02 FM",0.441770710639034
"357",2020-12-14,"1",1.93055555555556,0.0853887844265015,0.966,0.0459,1.07,4.4,"BD","2020-12-14 BD",NA
"358",2020-12-14,"10",2.82842312008979,0.0186926224975113,2.7,-0.0474,14,2.118,"FM","2020-12-14 FM",0.132347872059076
"359",2020-12-14,"11",2.85648148148148,0.0170335139918151,2.86,-0.0394,12.9,2.081,"FM","2020-12-14 FM",0.132347872059076
"360",2020-12-14,"12",3.17915263748597,0.0176971573940936,3,-0.00603,10.9,2.081,"FM_Branch","2020-12-14 FM_Branch",0.101636548347767
"361",2020-12-14,"14",1.83235129068462,0.028647273531689,1.71,-0.0427,16,2.578,"EF","2020-12-14 EF",0.0304810384139257
"362",2020-12-14,"15",1.87443883277217,0.0257714854551488,1.76,-0.0338,17.8,2.563,"EF","2020-12-14 EF",0.0304810384139257
"363",2020-12-14,"16",1.86040965207632,0.0551930096228293,1.59,-0.0414,41.8,2.983,"MB","2020-12-14 MB",0.0890117102758585
"364",2020-12-14,"18",2.19710998877666,0.0630461232164584,1.87,-0.0375,49.3,3.095,"MB","2020-12-14 MB",0.0890117102758585
"365",2020-12-14,"19",2.19710998877666,0.0696825572392435,1.96,-0.0225,47.5,3.238,"MB","2020-12-14 MB",0.0890117102758585
"366",2020-12-14,"2",2.70216049382716,0.0400398186041367,2.53,-0.0425,31.3,2.473,"LF","2020-12-14 LF",0.0945767018565813
"367",2020-12-14,"20",2.28128507295174,0.0659219112929986,2.06,-0.00423,43,3.314,"MB","2020-12-14 MB",0.0890117102758585
"368",2020-12-14,"22",2.99677328843996,0.0295321314013936,2.75,-0.0377,22.1,1.653,"DE","2020-12-14 DE",NA
"369",2020-12-14,"23",3.10900673400673,0.0337352062824909,2.97,-0.0422,26.7,1.734,"DE","2020-12-14 DE",NA
"370",2020-12-14,"24",3.12303591470258,0.0352837075544741,3.08,-0.0405,29.8,1.703,"DE","2020-12-14 DE",NA
"371",2020-12-14,"25",2.99677328843996,0.040482247538989,3.04,-0.0318,30.4,1.822,"DE","2020-12-14 DE",NA
"372",2020-12-14,"4",2.58992704826038,0.0387125317995797,2.53,-0.0275,28.5,2.57,"LF","2020-12-14 LF",0.0945767018565813
"373",2020-12-14,"5",2.71618967452301,0.0407034620064152,2.53,-0.0291,28.2,2.511,"LF","2020-12-14 LF",0.0945767018565813
"374",2020-12-14,"6",2.64604377104377,0.040482247538989,2.54,-0.0328,27.7,2.56,"LF","2020-12-14 LF",0.0945767018565813
"375",2020-12-14,"8",2.7442480359147,0.0190244441986506,2.72,-0.0395,13.5,2.183,"FM","2020-12-14 FM",0.132347872059076
"376",2021-01-12,"1",-0.31008,0.100464,2.79,0.104382,44.3,3.714,"BD","2021-01-12 BD",NA
"377",2021-01-12,"11",4.87838,0.030393,5.02,-0.04392,24.3,1.5896,"FM","2021-01-12 FM",0.197792710315774
"378",2021-01-12,"12",5.391485,0.02962,5.32,-0.01132,23.6,1.4723,"FM_Branch","2021-01-12 FM_Branch",0.151894911886999
"379",2021-01-12,"14",4.087921,0.02542,4.19,-0.02682,18.1,1.8342,"EF","2021-01-12 EF",0.0455536391128259
"380",2021-01-12,"15",4.420746,0.026857,4.27,-0.02892,18.9,1.7791,"EF","2021-01-12 EF",0.0455536391128259
"381",2021-01-12,"16",2.964637,0.055703,2.87,-0.02462,46.1,NA,"MB","2021-01-12 MB",0.0726835271823946
"382",2021-01-12,"19",3.422272,0.062666,3.16,0.004012,49,2.3706,"MB","2021-01-12 MB",0.0726835271823946
"383",2021-01-12,"2",5.641104,0.037025,5.78,-0.01542,30.3,1.6006,"LF","2021-01-12 LF",0.392461456351536
"384",2021-01-12,"20",3.49161,0.063218,3.25,-0.00372,47.7,2.3305,"MB","2021-01-12 MB",0.0726835271823946
"385",2021-01-12,"22",3.990847,0.02973,3.93,-0.02302,27,1.1434,"DE","2021-01-12 DE",NA
"386",2021-01-12,"23",4.171127,0.033156,4.19,-0.03132,29.1,1.1505,"DE","2021-01-12 DE",NA
"387",2021-01-12,"24",4.420746,0.033267,4.28,-0.03042,30,1.2016,"DE","2021-01-12 DE",NA
"388",2021-01-12,"25",4.448481,0.033488,4.37,-0.02062,30.6,1.1695,"DE","2021-01-12 DE",NA
"389",2021-01-12,"4",5.890723,0.037246,5.78,-0.02542,29.8,1.7269,"LF","2021-01-12 LF",0.392461456351536
"390",2021-01-12,"40",4.295937,0.026746,4.14,-0.01462,19.8,1.765,"EF","2021-01-12 EF",0.0455536391128259
"391",2021-01-12,"41",5.377618,0.030283,5.23,-0.02292,25.2,1.4783,"FM_Branch","2021-01-12 FM_Branch",0.151894911886999
"392",2021-01-12,"42",5.36375,0.02973,5.22,-0.01742,23.7,1.5044,"FM_Branch","2021-01-12 FM_Branch",0.151894911886999
"393",2021-01-12,"5",5.862987,0.036251,5.79,-0.02362,30.4,1.6387,"LF","2021-01-12 LF",0.392461456351536
"394",2021-01-12,"6",5.849119,0.037798,5.86,0.001842,30.5,2.2473,"LF","2021-01-12 LF",0.392461456351536
"395",2021-01-12,"8",4.947719,0.029841,5.07,-0.04262,23.2,1.5615,"FM","2021-01-12 FM",0.197792710315774
"396",2021-01-27,"0",3.297462,0.070955,2.88,-0.01672,13.1,3.3641,"BD","2021-01-27 BD",1.07759234450166
"397",2021-01-27,"1",3.519345,0.053492,2.89,0.002792,13.2,3.5075,"BD","2021-01-27 BD",1.07759234450166
"398",2021-01-27,"10",3.241991,0.020557,3.23,-0.01502,11.8,1.7851,"FM","2021-01-27 FM",0.278517660270252
"399",2021-01-27,"11",3.255859,0.021994,3.22,-0.01882,12.4,1.8122,"FM","2021-01-27 FM",0.278517660270252
"400",2021-01-27,"12",3.588684,0.020889,3.53,-0.02132,12.6,1.6227,"FM_Branch","2021-01-27 FM_Branch",0.21388763720454
"401",2021-01-27,"14",3.075579,0.021883,2.96,-0.04642,9.87,NA,"EF","2021-01-27 EF",0.0641454023368417
"402",2021-01-27,"15",3.31133,0.021441,3.08,-0.02272,9.85,2.0327,"EF","2021-01-27 EF",0.0641454023368417
"403",2021-01-27,"16",2.382194,0.040009,2.18,-0.01942,28.7,2.2112,"MB","2021-01-27 MB",0.0802604360642565
"404",2021-01-27,"18",2.562474,0.044982,2.35,-0.00632,32.5,2.2944,"MB","2021-01-27 MB",0.0802604360642565
"405",2021-01-27,"19",2.534739,0.04443,2.41,-0.01332,30.3,2.3686,"MB","2021-01-27 MB",0.0802604360642565
"406",2021-01-27,"2",4.171127,0.026636,4.02,0.006436,15.6,NA,"LF","2021-01-27 LF",0.418686062561974
"407",2021-01-27,"20",2.66452,0.032162,2.47,0.012862,28.9,2.4127,"MB","2021-01-27 MB",0.0802604360642565
"408",2021-01-27,"22",3.588684,0.044319,3.37,-0.05242,20.1,1.4613,"DE","2021-01-27 DE",0.708033573141487
"409",2021-01-27,"23",3.463875,0.028736,3.54,-0.00442,24,1.4673,"DE","2021-01-27 DE",0.708033573141487
"410",2021-01-27,"24",3.727361,0.031278,3.64,-0.02202,25.3,1.5074,"DE","2021-01-27 DE",0.708033573141487
"411",2021-01-27,"25",3.699626,0.031167,3.72,-0.01482,26,1.5495,"DE","2021-01-27 DE",0.708033573141487
"412",2021-01-27,"4",4.03245,0.025641,4.04,-0.03052,15.4,1.734,"LF","2021-01-27 LF",0.418686062561974
"413",2021-01-27,"40",2.978505,0.021994,2.86,-0.00147,9.86,2.0879,"EF","2021-01-27 EF",0.0641454023368417
"414",2021-01-27,"41",3.325198,0.020778,3.41,0.006796,12.7,1.6297,"FM_Branch","2021-01-27 FM_Branch",0.21388763720454
"415",2021-01-27,"42",3.380668,0.021662,3.42,0.004852,12.6,1.6377,"FM_Branch","2021-01-27 FM_Branch",0.21388763720454
"416",2021-01-27,"5",4.254334,0.026857,4.08,-0.01802,16.5,1.735,"LF","2021-01-27 LF",0.418686062561974
"417",2021-01-27,"6",4.365275,0.026967,4.2,-0.00782,17.1,1.756,"LF","2021-01-27 LF",0.418686062561974
"418",2021-01-27,"8",3.408404,0.021441,3.23,-0.01132,12.4,1.9004,"FM","2021-01-27 FM",0.278517660270252
"419",2021-02-24,"0",3.283595,0.050729,2.93,0.092682,9.24,2.9771,"BD","2021-02-24 BD",NA
"420",2021-02-24,"1",4.198863,0.182029,2.83,0.617182,127,3.6188,"BD","2021-02-24 BD",NA
"421",2021-02-24,"10",4.490085,0.078802,5.06,0.101782,113,3.9988,"FM","2021-02-24 FM",6.01376146788991
"422",2021-02-24,"11",4.684232,0.279288,4.77,0.025282,113,4.0038,"FM","2021-02-24 FM",6.01376146788991
"423",2021-02-24,"12",5.294411,0.247237,5.33,0.149182,148,4.5442,"FM_Branch","2021-02-24 FM_Branch",4.61826811926606
"424",2021-02-24,"14",4.240466,0.179819,4.93,0.051282,118,4.0389,"EF","2021-02-24 EF",1.38502940366972
"425",2021-02-24,"15",5.682707,0.172082,5.04,0.012882,123,3.9446,"EF","2021-02-24 EF",1.38502940366972
"426",2021-02-24,"16",3.560949,0.197502,3.08,0.029082,146,3.7782,"MB","2021-02-24 MB",0.288871839288265
"427",2021-02-24,"18",3.768964,0.208554,3.13,0.032882,157,3.8634,"MB","2021-02-24 MB",0.288871839288265
"428",2021-02-24,"19",3.644155,0.208554,2.7,0.066082,218,4.1311,"MB","2021-02-24 MB",0.288871839288265
"429",2021-02-24,"2",6.043267,0.325707,5.42,0.081282,208,3.4604,"LF","2021-02-24 LF",6.70245398773008
"430",2021-02-24,"20",3.658022,0.216291,3.18,0.026882,166,3.8805,"MB","2021-02-24 MB",0.288871839288265
"431",2021-02-24,"22",4.781306,0.086317,4.5,-0.03932,61.7,2.4057,"DE","2021-02-24 DE",0.488209432454037
"432",2021-02-24,"23",4.975454,0.09538,4.6,-0.05142,61.8,2.3926,"DE","2021-02-24 DE",0.488209432454037
"433",2021-02-24,"24",5.127999,0.079244,4.68,-0.02322,59,2.2443,"DE","2021-02-24 DE",0.488209432454037
"434",2021-02-24,"25",5.36375,0.080681,4.93,-0.01372,59.9,2.2443,"DE","2021-02-24 DE",0.488209432454037
"435",2021-02-24,"4",6.098738,0.33897,5.6,0.069182,213,3.4925,"LF","2021-02-24 LF",6.70245398773008
"436",2021-02-24,"40",5.36375,0.254973,4.71,0.008362,108,4.0329,"EF","2021-02-24 EF",1.38502940366972
"437",2021-02-24,"41",6.251283,0.232869,5.18,0.137182,118,4.1852,"FM_Branch","2021-02-24 FM_Branch",4.61826811926606
"438",2021-02-24,"42",6.306754,0.231764,5.24,0.122182,126,4.1903,"FM_Branch","2021-02-24 FM_Branch",4.61826811926606
"439",2021-02-24,"5",6.26515,0.41523,5.72,0.083082,222,3.4123,"LF","2021-02-24 LF",6.70245398773008
"440",2021-02-24,"6",1.550132,0.016689,1.47,-0.03842,5.4,1.2738,"LF","2021-02-24 LF",6.70245398773008
"441",2021-02-24,"8",4.961586,0.23508,5.06,0.119182,112,4.3015,"FM","2021-02-24 FM",6.01376146788991
"442",2021-03-10,"0",6.168077,0.156609,5.27,0.057682,101,4.21,"BD","2021-03-10 BD",2.04747330374263
"443",2021-03-10,"1",5.862987,0.164346,5.25,0.095782,106,4.2019,"BD","2021-03-10 BD",2.04747330374263
"444",2021-03-10,"10",4.892248,0.02763,4.75,-0.03742,19.2,1.7871,"FM","2021-03-10 FM",0.483029006905162
"445",2021-03-10,"11",4.975454,0.027409,4.72,5e-04,18.3,1.777,"FM","2021-03-10 FM",0.483029006905162
"446",2021-03-10,"12",5.322147,0.026304,5.03,-0.01792,18.3,1.7398,"FM_Branch","2021-03-10 FM_Branch",0.370942125852819
"447",2021-03-10,"14",4.129524,0.026083,3.95,-0.03612,15.9,2.0027,"EF","2021-03-10 EF",0.111246410580328
"448",2021-03-10,"15",4.143392,0.02542,3.95,-0.03172,15.6,2.0692,"EF","2021-03-10 EF",0.111246410580328
"449",2021-03-10,"16",2.95077,0.040561,2.57,0.00432,25.1,2.3442,"MB","2021-03-10 MB",0.0890117102758585
"450",2021-03-10,"18",3.325198,0.062555,2.87,0.007964,31.2,2.5185,"MB","2021-03-10 MB",0.0890117102758585
"451",2021-03-10,"19",3.380668,0.054708,2.92,-0.01392,28.2,2.586,"MB","2021-03-10 MB",0.0890117102758585
"452",2021-03-10,"2",6.611843,0.032162,6.16,-0.02382,19.4,1.8012,"LF","2021-03-10 LF",0.633394166675389
"453",2021-03-10,"20",3.547081,0.048519,3.05,0.01088,24.3,2.5719,"MB","2021-03-10 MB",0.0890117102758585
"454",2021-03-10,"22",3.796699,0.02332,3.51,-0.02232,14.8,1.4365,"DE","2021-03-10 DE",0.4482414068745
"455",2021-03-10,"23",3.907641,0.029951,3.7,0.006247,16.3,1.362,"DE","2021-03-10 DE",0.4482414068745
"456",2021-03-10,"24",4.074054,0.028183,3.86,-0.02062,14.5,1.3338,"DE","2021-03-10 DE",0.4482414068745
"457",2021-03-10,"25",4.351408,0.024204,4.01,-0.02642,17.7,1.3992,"DE","2021-03-10 DE",0.4482414068745
"458",2021-03-10,"4",6.348357,0.030946,6.13,-0.04932,20.1,1.8606,"LF","2021-03-10 LF",0.633394166675389
"459",2021-03-10,"40",4.282069,0.026194,3.83,0.00608,18.2,2.0047,"EF","2021-03-10 EF",0.111246410580328
"460",2021-03-10,"41",5.086396,0.028625,4.89,0.01194,19.5,1.7307,"FM_Branch","2021-03-10 FM_Branch",0.370942125852819
"461",2021-03-10,"42",5.349882,0.026857,4.89,-0.02752,19,1.6984,"FM_Branch","2021-03-10 FM_Branch",0.370942125852819
"462",2021-03-10,"5",6.708917,0.033599,6.19,-0.03152,21.6,2.2586,"LF","2021-03-10 LF",0.633394166675389
"463",2021-03-10,"6",1.952295,0.017131,1.84,0.00894,5.9,1.4456,"LF","2021-03-10 LF",0.633394166675389
"464",2021-03-10,"8",5.086396,0.027962,4.73,-0.02572,19.3,1.8737,"FM","2021-03-10 FM",0.483029006905162
"465",2021-03-24,"0",5.419221,0.120137,5.02,0.00278,75.2,3.8936,"BD","2021-03-24 BD",2.24409708076459
"466",2021-03-24,"1",6.071003,0.114611,5.06,-0.01602,73.9,3.7768,"BD","2021-03-24 BD",2.24409708076459
"467",2021-03-24,"10",5.696575,0.026746,5.09,-0.05472,15.5,1.9322,"FM","2021-03-24 FM",1.25195005655579
"468",2021-03-24,"11",5.391485,0.026083,5.07,-0.03172,14.7,1.8989,"FM","2021-03-24 FM",1.25195005655579
"469",2021-03-24,"12",6.057135,0.024757,5.44,-0.03722,14.1,1.8818,"FM_Branch","2021-03-24 FM_Branch",0.961435045932016
"470",2021-03-24,"14",4.6981,0.029399,4.17,-0.00812,18.4,2.1468,"EF","2021-03-24 EF",0.288336617525363
"471",2021-03-24,"15",4.767439,0.031278,4.23,0.01544,17,2.2475,"EF","2021-03-24 EF",0.288336617525363
"472",2021-03-24,"16",2.95077,0.046309,2.33,-0.02462,20.4,2.8026,"MB","2021-03-24 MB",0.117595286028355
"473",2021-03-24,"18",3.241991,0.058908,2.59,-0.01292,25.5,2.997,"MB","2021-03-24 MB",0.117595286028355
"474",2021-03-24,"19",3.380668,0.061561,2.65,-0.00682,23.2,3.0706,"MB","2021-03-24 MB",0.117595286028355
"475",2021-03-24,"2",7.332964,0.02752,6.87,0.00973,13.9,1.7357,"LF","2021-03-24 LF",1.44958995161582
"476",2021-03-24,"20",3.463875,0.057361,2.77,-0.00228,21.4,2.9859,"MB","2021-03-24 MB",0.117595286028355
"477",2021-03-24,"22",4.046318,0.019783,3.61,-0.02932,10.6,1.4567,"DE","2021-03-24 DE",0.688049560351719
"478",2021-03-24,"23",4.226598,0.028073,3.82,-0.01982,11.1,1.5907,"DE","2021-03-24 DE",0.688049560351719
"479",2021-03-24,"24",4.587159,0.020889,3.96,0.00944,10.4,1.4698,"DE","2021-03-24 DE",0.688049560351719
"480",2021-03-24,"25",4.6981,0.021773,4.2,-0.01992,18.1,1.4285,"DE","2021-03-24 DE",0.688049560351719
"481",2021-03-24,"4",7.471641,0.026525,6.86,-0.01862,14.2,1.8153,"LF","2021-03-24 LF",1.44958995161582
"482",2021-03-24,"40",4.448481,0.031388,4.04,0.00818,16.1,2.2989,"EF","2021-03-24 EF",0.288336617525363
"483",2021-03-24,"41",5.973929,0.026415,5.3,-0.03042,14.9,1.9271,"FM_Branch","2021-03-24 FM_Branch",0.961435045932016
"484",2021-03-24,"42",5.821384,0.023873,5.31,0.007921,15.2,1.8627,"FM_Branch","2021-03-24 FM_Branch",0.961435045932016
"485",2021-03-24,"5",7.430037,0.029509,6.94,-0.00412,17,1.7317,"LF","2021-03-24 LF",1.44958995161582
"486",2021-03-24,"6",7.693524,0.02973,7.09,0.01444,20,1.6511,"LF","2021-03-24 LF",1.44958995161582
"487",2021-03-24,"8",5.641104,0.026746,4.99,-0.01982,16,1.8858,"FM","2021-03-24 FM",1.25195005655579
"488",2021-04-07,"0",5.238941,0.057471,4.3,0.00177,3.08,3.3335,"BD","2021-04-07 BD",NA
"489",2021-04-07,"1",5.072528,0.04874,4.31,-0.0558,3.12,3.3778,"BD","2021-04-07 BD",NA
"490",2021-04-07,"10",4.240466,0.021773,3.82,-0.0254,4.94,2.1911,"FM","2021-04-07 FM",0.375065439874278
"491",2021-04-07,"11",4.198863,0.021883,3.79,0.00349,4.67,2.2928,"FM","2021-04-07 FM",0.375065439874278
"492",2021-04-07,"12",4.559423,0.021883,4.15,-0.0529,4.77,2.2828,"FM_Branch","2021-04-07 FM_Branch",0.288031504551452
"493",2021-04-07,"14",3.283595,0.022878,3.03,-0.0513,4.39,2.4369,"EF","2021-04-07 EF",0.086381321457445
"494",2021-04-07,"15",3.547081,0.023541,3.09,-0.0117,4.76,2.4913,"EF","2021-04-07 EF",0.086381321457445
"495",2021-04-07,"16",1.688809,0.024978,1.38,-0.00981,5.42,2.5991,"MB","2021-04-07 MB",0.0856948948369739
"496",2021-04-07,"18",1.993898,0.028515,1.71,0.00375,11.9,2.6998,"MB","2021-04-07 MB",0.0856948948369739
"497",2021-04-07,"19",2.312855,0.035256,1.84,-0.0145,8.96,2.8288,"MB","2021-04-07 MB",0.0856948948369739
"498",2021-04-07,"2",5.654972,0.020999,5.34,-0.0673,4.58,2.4379,"LF","2021-04-07 LF",0.625252966288869
"499",2021-04-07,"20",2.493135,0.026636,2.03,0.0076,5.52,2.99,"MB","2021-04-07 MB",0.0856948948369739
"500",2021-04-07,"22",2.673416,0.015915,2.49,0.00222,3.63,1.6803,"DE","2021-04-07 DE",NA
"501",2021-04-07,"23",3.033976,0.017131,2.73,-0.0181,4.36,1.6894,"DE","2021-04-07 DE",NA
"502",2021-04-07,"24",3.200388,0.015473,2.94,-0.0113,3.36,1.7005,"DE","2021-04-07 DE",NA
"503",2021-04-07,"25",3.560949,0.017573,3.22,-0.0337,6.51,1.7035,"DE","2021-04-07 DE",NA
"504",2021-04-07,"4",5.460824,0.022989,5.32,-0.0052,3.78,2.5024,"LF","2021-04-07 LF",0.625252966288869
"505",2021-04-07,"40",3.394536,0.024315,2.94,-0.0105,5.96,2.4863,"EF","2021-04-07 EF",0.086381321457445
"506",2021-04-07,"41",4.240466,0.022767,3.98,-0.0334,3.83,2.1588,"FM_Branch","2021-04-07 FM_Branch",0.288031504551452
"507",2021-04-07,"42",4.268201,0.021773,3.99,-0.0629,3.89,2.2001,"FM_Branch","2021-04-07 FM_Branch",0.288031504551452
"508",2021-04-07,"5",5.571765,0.020557,5.4,-0.0459,4.81,2.4248,"LF","2021-04-07 LF",0.625252966288869
"509",2021-04-07,"6",4.33754,0.021552,5.64,-0.00652,5.17,2.3462,"LF","2021-04-07 LF",0.625252966288869
"510",2021-04-07,"8",4.115657,0.023873,3.75,-0.00758,5.02,2.2697,"FM","2021-04-07 FM",0.375065439874278
"511",2021-04-21,"0",4.27292769,0.06565,3.39,-0.00335,3.45,3.01515909170005,"BD","2021-04-21 BD",1.29449770028766
"512",2021-04-21,"1",4.170047031,0.071176,3.39,-0.0208,3.95,3.16224404379212,"BD","2021-04-21 BD",1.29449770028766
"513",2021-04-21,"2",5.066578483,0.026083,4.53,-0.0492,8.85,2.28275662477585,"LF","2021-04-21 LF",0.546049701966683
"514",2021-04-21,"4",4.802028219,0.026304,4.54,-0.0578,8.65,2.32204644074565,"LF","2021-04-21 LF",0.546049701966683
"515",2021-04-21,"5",5.022486772,0.025531,4.57,-0.00774,8.34,2.2555559829506,"LF","2021-04-21 LF",0.546049701966683
"516",2021-04-21,"6",5.140064668,0.022767,4.81,-0.0486,5.91,2.29686066127783,"LF","2021-04-21 LF",0.546049701966683
"517",2021-04-21,"8",3.640946502,0.01702,3.21,-0.00989,4.47,2.01075020652339,"FM","2021-04-21 FM",0.250965330173265
"518",2021-04-21,"10",3.69973545,0.018126,3.22,0.00685,4.1,1.98354956469815,"FM","2021-04-21 FM",0.250965330173265
"519",2021-04-21,"11",3.50867137,0.01702,3.22,-0.0288,4.18,1.94728204226449,"FM","2021-04-21 FM",0.250965330173265
"520",2021-04-21,"12",3.802616108,0.017352,3.48,-0.0315,4.07,1.99060158294914,"FM_Branch","2021-04-21 FM_Branch",0.192728825306559
"521",2021-04-21,"14",3.200029394,0.028515,2.67,-0.016,5.56,2.20115469930011,"EF","2021-04-21 EF",0.0577998251922046
"522",2021-04-21,"15",3.229423868,0.023652,2.74,-0.0145,6.31,2.22533304758922,"EF","2021-04-21 EF",0.0577998251922046
"523",2021-04-21,"16",1.539241623,0.023099,1.27,-0.00946,10.2,2.41775240272336,"MB","2021-04-21 MB",0.0825016728513723
"524",2021-04-21,"18",1.818489124,0.026304,1.51,-0.0104,11.3,2.67766964683126,"MB","2021-04-21 MB",0.0825016728513723
"525",2021-04-21,"19",2.009553204,0.028294,1.63,-0.0641,9.66,2.86404441489313,"MB","2021-04-21 MB",0.0825016728513723
"526",2021-04-21,"20",2.230011758,0.030393,1.73,-0.0136,10.2,2.96881725747926,"MB","2021-04-21 MB",0.0825016728513723
"527",2021-04-21,"22",2.715020576,0.015694,2.51,-0.0131,4.69,1.48942844249755,"DE","2021-04-21 DE",0.409777777777778
"528",2021-04-21,"23",3.023662551,0.016689,3.2,-0.0844,4.53,1.5280605787116,"DE","2021-04-21 DE",0.409777777777778
"529",2021-04-21,"24",3.229423868,0.016026,2.97,-0.0685,4.59,1.53499455187823,"DE","2021-04-21 DE",0.409777777777778
"530",2021-04-21,"25",3.596854791,0.017131,3.19,-0.0041,8.55,1.54589079542578,"DE","2021-04-21 DE",0.409777777777778
"531",2021-04-21,"40",2.74441505,0.018899,2.49,-0.0115,5.6,1.97084429378034,"EF","2021-04-21 EF",0.0577998251922046
"532",2021-04-21,"41",3.787918871,0.017905,3.36,-0.0828,3.59,1.80740064056705,"FM_Branch","2021-04-21 FM_Branch",0.192728825306559
"533",2021-04-21,"42",3.876102293,0.016357,3.44,-0.00695,3.86,1.84207050640017,"FM_Branch","2021-04-21 FM_Branch",0.192728825306559
"534",2021-04-29,"0",3.640946502,NA,2.7,-0.02292,5.22,NA,"BD","2021-04-29 BD",2.34938037822461
"535",2021-04-29,"2",3.729129924,NA,2.89,-0.01902,27.8,NA,"LF","2021-04-29 LF",1.24687170053234
"536",2021-04-29,"5",3.538065844,NA,2.7,0.05068,28.2,NA,"LF","2021-04-29 LF",1.24687170053234
"537",2021-04-29,"8",2.523956496,NA,1.85,0.03088,19.3,NA,"FM","2021-04-29 FM",1.09502129385665
"538",2021-04-29,"11",2.729717813,NA,1.9,0.00543,18.8,NA,"FM","2021-04-29 FM",1.09502129385665
"539",2021-04-29,"14",4.023074662,NA,2.35,0.16218,77.7,NA,"EF","2021-04-29 EF",0.252194354188124
"540",2021-04-29,"16",1.965461493,NA,1.13,-0.00322,23.9,NA,"MB","2021-04-29 MB",0.232942875427052
"541",2021-04-29,"19",3.214726631,NA,1.73,0.04068,56.1,NA,"MB","2021-04-29 MB",0.232942875427052
"542",2021-04-29,"22",2.612139918,NA,1.72,0.0070845,19.5,NA,"DE","2021-04-29 DE",0.688049560351719
"543",2021-04-29,"24",4.12595532,NA,2.8,0.05138,377,NA,"DE","2021-04-29 DE",0.688049560351719
"544",2021-04-29,"42",2.964873604,NA,2.21,0.02198,60.8,NA,"FM_Branch","2021-04-29 FM_Branch",0.840921602617211
"545",2021-05-05,"0",3.552763081,0.064987,2.54,0.00248,5.18,2.83065696644177,"BD","2021-05-05 BD",15.3933410729848
"546",2021-05-05,"1",3.552763081,0.095601,2.54,0.0157,3.43,2.98617607889321,"BD","2021-05-05 BD",15.3933410729848
"547",2021-05-05,"2",10.21061141,0.170977,9.16,0.038,83,3.73405461329342,"LF","2021-05-05 LF",5.20756748466259
"548",2021-05-05,"4",10.43106996,0.170977,9.38,0.0308,80.8,3.63697898896068,"LF","2021-05-05 LF",5.20756748466259
"549",2021-05-05,"5",11.06305115,0.155504,9.56,0.0431,80.1,3.63697898896068,"LF","2021-05-05 LF",5.20756748466259
"550",2021-05-05,"6",11.54805996,0.130084,10.2,0.0327,74.4,3.2823557898676,"LF","2021-05-05 LF",5.20756748466259
"551",2021-05-05,"8",9.505144033,0.195292,7.88,0.157,108,5.02080191949987,"FM","2021-05-05 FM",6.72477064220181
"552",2021-05-05,"10",9.578630218,0.218501,7.9,0.143,108,4.77811285866802,"FM","2021-05-05 FM",6.72477064220181
"553",2021-05-05,"11",9.269988242,0.199713,7.8,0.132,113,4.87617905059599,"FM","2021-05-05 FM",6.72477064220181
"554",2021-05-05,"12",10.06363904,0.148873,8.51,0.142,80.7,4.12136654302916,"FM_Branch","2021-05-05 FM_Branch",5.16428761467888
"555",2021-05-05,"14",8.417548501,0.253868,6.84,0.12,160,5.73401058806696,"EF","2021-05-05 EF",1.5487819266055
"556",2021-05-05,"15",8.593915344,0.259394,6.85,0.129,159,5.90240707925641,"EF","2021-05-05 EF",1.5487819266055
"557",2021-05-05,"16",4.993092299,0.157714,3.7,0.08,84.2,4.94551878226224,"MB","2021-05-05 MB",0.422305912489089
"558",2021-05-05,"18",5.242945326,0.167661,3.96,0.0978,88.9,4.98712262126198,"MB","2021-05-05 MB",0.422305912489089
"559",2021-05-05,"19",5.448706643,0.178714,4.02,0.128,98.9,4.96632070176211,"MB","2021-05-05 MB",0.422305912489089
"560",2021-05-05,"20",5.301734274,0.18866,5.48,-0.00708,46.3,5.15650968004667,"MB","2021-05-05 MB",0.422305912489089
"561",2021-05-05,"22",6.16494,0.088541,5.74,-0.0189,50.5,2.65334536689523,"DE","2021-05-05 DE",0.688049560351719
"562",2021-05-05,"23",6.756760729,0.075376,5.85,-0.00527,49,2.64046798815721,"DE","2021-05-05 DE",0.688049560351719
"563",2021-05-05,"24",6.84494415,0.08477,6.67,0.00289,42.6,2.5721188240862,"DE","2021-05-05 DE",0.688049560351719
"564",2021-05-05,"25",7.37404468,0.070623,6.51,-0.0129,30.1,2.39876949492059,"DE","2021-05-05 DE",0.688049560351719
"565",2021-05-05,"40",8.388154027,0.2605,6.71,0.116,164,5.98165248687498,"EF","2021-05-05 EF",1.5487819266055
"566",2021-05-05,"41",9.887272193,0.156609,8.32,0.147,83.9,4.25806487117118,"FM_Branch","2021-05-05 FM_Branch",5.16428761467888
"567",2021-05-05,"42",10.25470312,0.159925,8.36,0.15,82.7,4.17881946355262,"FM_Branch","2021-05-05 FM_Branch",5.16428761467888
"568",2021-05-10,"0",4.155349794,NA,3.2,0.01938,7.43,NA,"BD","2021-05-10 BD",15.3933410729848
"569",2021-05-10,"2",10.01954733,NA,9.16,0.00404,49.5,NA,"LF","2021-05-10 LF",3.42024539877305
"570",2021-05-10,"5",11.09244562,NA,9.49,0.01081,51.6,NA,"LF","2021-05-10 LF",3.42024539877305
"571",2021-05-10,"8",9.887272193,NA,7.95,0.32418,224,NA,"FM","2021-05-10 FM",3.55963302752291
"572",2021-05-10,"11",9.534538507,NA,7.55,0.27918,217,NA,"FM","2021-05-10 FM",3.55963302752291
"573",2021-05-10,"14",7.388741917,NA,6.42,0.03878,127,NA,"EF","2021-05-10 EF",0.819819082568801
"574",2021-05-10,"16",5.095972957,NA,4.62,0.07688,80.5,NA,"MB","2021-05-10 MB",0.376834429484164
"575",2021-05-10,"19",5.669165197,NA,4.88,0.08708,82.9,NA,"MB","2021-05-10 MB",0.376834429484164
"576",2021-05-10,"22",7.22707231,NA,NA,NA,NA,NA,"DE","2021-05-10 DE",0.807953637090328
"577",2021-05-10,"24",7.506319812,NA,7.13,0.02168,61.9,NA,"DE","2021-05-10 DE",0.807953637090328
"578",2021-05-10,"42",10.25470312,NA,8.74,0.36618,247,NA,"FM_Branch","2021-05-10 FM_Branch",2.73362018348622
"579",2021-05-18,"0",4.478689006,0.046422,3.64,0.1056,5.51,3.36655403546232,"BD","2021-05-18 BD",2.14353186677322
"580",2021-05-18,"1",5.154761905,0.256478,3.56,0.1114,6.19,3.38537481977173,"BD","2021-05-18 BD",2.14353186677322
"581",2021-05-18,"2",6.257054674,0.017863,5.58,0.0396,4.78,2.33438260123051,"LF","2021-05-18 LF",0.319083416487932
"582",2021-05-18,"4",5.933715461,0.01665,5.63,0.0386,5.02,2.33636373642097,"LF","2021-05-18 LF",0.319083416487932
"583",2021-05-18,"5",6.021898883,0.01676,5.71,0.030872,5.02,2.28980705944506,"LF","2021-05-18 LF",0.319083416487932
"584",2021-05-18,"6",6.536302175,0.016319,6.03,0.03323,5.27,2.25315605842148,"LF","2021-05-18 LF",0.319083416487932
"585",2021-05-18,"8",4.831422693,0.014776,4.41,0.0406,4.31,2.22145789537405,"FM","2021-05-18 FM",0.136345997624619
"586",2021-05-18,"10",4.772633745,0.017201,4.44,0.0356,3.59,2.21551448980266,"FM","2021-05-18 FM",0.136345997624619
"587",2021-05-18,"11",4.757936508,0.01676,4.46,0.03608,5.28,2.21650505739789,"FM","2021-05-18 FM",0.136345997624619
"588",2021-05-18,"12",5.287037037,0.017532,4.73,0.03821,3.8,2.19372200270755,"FM_Branch","2021-05-18 FM_Branch",0.104706908875826
"589",2021-05-18,"14",4.684450323,0.014004,4.32,0.03729,3.79,2.35320338553991,"EF","2021-05-18 EF",0.0314018467129259
"590",2021-05-18,"15",4.713844797,0.015106,4.42,0.0514,3.38,2.43046765796802,"EF","2021-05-18 EF",0.0314018467129259
"591",2021-05-18,"16",3.640946502,0.025361,3.08,0.0463,10.8,3.12089327184477,"MB","2021-05-18 MB",0.157336715006927
"592",2021-05-18,"18",3.905496767,0.029661,3.34,0.0481,12.6,3.3536766567243,"MB","2021-05-18 MB",0.157336715006927
"593",2021-05-18,"19",4.052469136,0.030654,3.43,0.0566,11.3,3.52207314791376,"MB","2021-05-18 MB",0.157336715006927
"594",2021-05-18,"20",4.361111111,0.03308,3.65,0.0538,12.6,3.4893844172711,"MB","2021-05-18 MB",0.157336715006927
"595",2021-05-18,"22",5.198853616,0.029661,4.59,0.02624,17.9,1.87277810185236,"DE","2021-05-18 DE",0.488209432454037
"596",2021-05-18,"23",5.419312169,0.03319,4.89,0.03568,19.5,1.83513653323354,"DE","2021-05-18 DE",0.488209432454037
"597",2021-05-18,"24",5.522192828,0.032418,5.05,0.0851,21.1,1.77174020713869,"DE","2021-05-18 DE",0.488209432454037
"598",2021-05-18,"25",5.816137566,0.030323,5.52,0.02564,22.8,1.7657968015673,"DE","2021-05-18 DE",0.488209432454037
"599",2021-05-18,"40",4.537477954,0.015437,4.18,0.03127,4.17,2.31358068173063,"EF","2021-05-18 EF",0.0314018467129259
"600",2021-05-18,"41",4.978395062,0.016209,4.57,0.0417,4.24,2.08872183761295,"FM_Branch","2021-05-18 FM_Branch",0.104706908875826
"601",2021-05-18,"42",4.934303351,0.015989,4.64,0.03467,4.71,2.15310873130304,"FM_Branch","2021-05-18 FM_Branch",0.104706908875826
"602",2021-06-01,"0",3.273515579,0.039475,2.52,0.0552,3.73,3.14945772574389,"BD","2021-06-01 BD",1.04835284836808
"603",2021-06-01,"1",3.420487948,0.034072,2.5,0.00198,4.93,3.18383413763224,"BD","2021-06-01 BD",1.04835284836808
"604",2021-06-01,"2",3.978982951,0.016981,3.41,0.0216,6.67,2.29692271091293,"LF","2021-06-01 LF",0.137630543334189
"605",2021-06-01,"4",4.067166373,0.018525,3.5,0.0129,7.5,2.27335031418949,"LF","2021-06-01 LF",0.137630543334189
"606",2021-06-01,"5",4.3170194,0.02062,3.56,-0.0338,9.35,2.29594052771612,"LF","2021-06-01 LF",0.137630543334189
"607",2021-06-01,"6",4.669753086,0.019517,3.92,-0.0454,9.32,2.20950840639685,"LF","2021-06-01 LF",0.137630543334189
"608",2021-06-01,"8",2.891387419,0.014555,2.5,-0.0466,5.26,2.01012521744445,"FM","2021-06-01 FM",0.0667470459511042
"609",2021-06-01,"10",3.082451499,0.015658,2.52,-0.0366,5.75,2.14959523139145,"FM","2021-06-01 FM",0.0667470459511042
"610",2021-06-01,"11",3.023662551,0.015989,2.52,-0.0408,5.91,2.03173324777426,"FM","2021-06-01 FM",0.0667470459511042
"611",2021-06-01,"12",3.31760729,0.021061,2.84,-0.0778,8.2,1.96003387440714,"FM_Branch","2021-06-01 FM_Branch",0.0512583939381505
"612",2021-06-01,"14",2.979570841,0.015547,2.4,-0.0328,5.05,2.30969109247146,"EF","2021-06-01 EF",0.0153725121529988
"613",2021-06-01,"15",3.200029394,0.021171,2.53,-0.0841,7.07,2.34897842034385,"EF","2021-06-01 EF",0.0153725121529988
"614",2021-06-01,"16",1.524544386,0.022494,1.05,-0.047,12.3,2.34112095476937,"MB","2021-06-01 MB",0.0825016728513723
"615",2021-06-01,"18",1.877278072,0.02073,1.38,-0.0631,9.91,2.63577591381233,"MB","2021-06-01 MB",0.0825016728513723
"616",2021-06-01,"19",2.083039389,0.016099,1.6,-0.0116,4.69,2.59354203634951,"MB","2021-06-01 MB",0.0825016728513723
"617",2021-06-01,"20",2.465167549,0.019297,1.94,-0.0573,6.2,2.72711895111565,"MB","2021-06-01 MB",0.0825016728513723
"618",2021-06-01,"22",3.50867137,0.03308,2.98,-0.0355,28.1,1.46304917682135,"DE","2021-06-01 DE",0.320888888888889
"619",2021-06-01,"23",3.729129924,0.038814,3.31,-0.0654,31.6,1.50921178707141,"DE","2021-06-01 DE",0.320888888888889
"620",2021-06-01,"24",4.258230453,0.043445,3.56,-0.0618,36.7,1.46599572641178,"DE","2021-06-01 DE",0.320888888888889
"621",2021-06-01,"25",4.493386243,0.049289,3.86,-0.0492,42.6,1.52394453502356,"DE","2021-06-01 DE",0.320888888888889
"622",2021-06-01,"40",2.759112287,0.014004,2.18,-0.044,4.9,2.06709184285942,"EF","2021-06-01 EF",0.0153725121529988
"623",2021-06-01,"41",3.008965315,0.016209,2.56,-0.0564,6.09,1.89913851620493,"FM_Branch","2021-06-01 FM_Branch",0.0512583939381505
"624",2021-06-01,"42",2.979570841,0.01665,2.6,-0.0118,6.98,1.92369309612518,"FM_Branch","2021-06-01 FM_Branch",0.0512583939381505
"625",2021-06-09,"0",7.623897707,NA,6.71,0.14218,37.1,4.14048057132505,"BD","2021-06-09 BD",38.2766990291262
"626",2021-06-09,"2",9.255291005,NA,9.13,0.03298,90.7,2.87346424744032,"LF","2021-06-09 LF",0.841931248162998
"627",2021-06-09,"5",9.593327454,NA,9.02,0.03878,82.5,2.80667579005725,"LF","2021-06-09 LF",0.841931248162998
"628",2021-06-09,"8",8.520429159,NA,7.2,0.05438,150,4.83979500745368,"FM","2021-06-09 FM",1.11143809949067
"629",2021-06-09,"11",7.99132863,NA,7.13,0.02818,130,4.50094180455427,"FM","2021-06-09 FM",1.11143809949067
"630",2021-06-09,"14",7.344650206,NA,6.58,-0.00762,99.9,3.4883109286433,"EF","2021-06-09 EF",0.255975308693696
"631",2021-06-09,"16",6.374632569,NA,5.75,0.03098,77,3.67296136964355,"MB","2021-06-09 MB",0.153403504577344
"632",2021-06-09,"19",7.22707231,NA,6.42,0.02648,58.8,3.95975886311204,"MB","2021-06-09 MB",0.153403504577344
"633",2021-06-09,"22",5.948412698,NA,5.51,-0.00452,64.8,2.62104316586018,"DE","2021-06-09 DE",0.648081534772182
"634",2021-06-09,"24",6.521604938,NA,6.22,0.00108,65.5,2.46389385437061,"DE","2021-06-09 DE",0.648081534772182
"635",2021-06-09,"42",9.637419165,NA,8.3,0.04238,159,4.96256790705491,"FM_Branch","2021-06-09 FM_Branch",0.853528888503858
"636",2021-06-15,"0",8.770282187,0.153931,6.44,0.192,18.5,4.09235359468137,"BD","2021-06-15 BD",16.8716005732308
"637",2021-06-15,"1",8.388154027,0.147315,6.43,0.0931,14,3.98136689344185,"BD","2021-06-15 BD",16.8716005732308
"638",2021-06-15,"2",10.79850088,0.050281,9.31,-0.0657,38.6,1.97083788957205,"LF","2021-06-15 LF",0.382437450123824
"639",2021-06-15,"4",10.78380364,0.049509,9.35,-0.0284,39.3,2.00128556867316,"LF","2021-06-15 LF",0.382437450123824
"640",2021-06-15,"5",10.81319812,0.052597,9.4,-0.0574,40,2.02682233179021,"LF","2021-06-15 LF",0.382437450123824
"641",2021-06-15,"6",11.34229865,0.063623,9.53,-0.0244,40.6,1.98753500391782,"LF","2021-06-15 LF",0.382437450123824
"642",2021-06-15,"8",7.814961787,0.050281,6.83,-0.0501,38.4,2.44425019043441,"FM","2021-06-15 FM",0.191992759414621
"643",2021-06-15,"10",7.814961787,0.050061,6.84,-0.000765,38.1,2.49925244945576,"FM","2021-06-15 FM",0.191992759414621
"644",2021-06-15,"11",7.741475603,0.046642,6.84,-0.0377,37.7,2.46192948797699,"FM","2021-06-15 FM",0.191992759414621
"645",2021-06-15,"12",7.976631393,0.054251,7.03,-0.0417,39,2.59059548675908,"FM_Branch","2021-06-15 FM_Branch",0.147440839592458
"646",2021-06-15,"14",7.153586126,0.051935,6.27,-0.0284,45.1,2.14173776581697,"EF","2021-06-15 EF",0.0442178524207813
"647",2021-06-15,"15",7.124191652,0.051935,6.41,-0.0464,43,2.2045974904128,"EF","2021-06-15 EF",0.0442178524207813
"648",2021-06-15,"16",4.846119929,0.059323,4.17,-0.0598,48.9,2.68390289045602,"MB","2021-06-15 MB",0.0960354413722826
"649",2021-06-15,"18",5.742651382,0.063954,4.79,-0.0536,48.2,2.89507227777014,"MB","2021-06-15 MB",0.0960354413722826
"650",2021-06-15,"19",6.110082305,0.056125,5.03,-0.0487,40,3.06793652040868,"MB","2021-06-15 MB",0.0960354413722826
"651",2021-06-15,"20",6.374632569,0.064175,5.94,0.0527,47.6,3.02275609335542,"MB","2021-06-15 MB",0.0960354413722826
"652",2021-06-15,"22",6.315843621,0.045209,5.51,-0.0555,40.1,1.39429635304466,"DE","2021-06-15 DE",0.320888888888889
"653",2021-06-15,"23",6.624485597,0.050722,5.96,-0.0298,42.6,1.43161931452343,"DE","2021-06-15 DE",0.320888888888889
"654",2021-06-15,"24",6.756760729,0.059102,6.12,-0.0475,48,1.45028079526282,"DE","2021-06-15 DE",0.320888888888889
"655",2021-06-15,"25",7.359347443,0.05811,6.6,-0.0699,51.2,1.41099346739043,"DE","2021-06-15 DE",0.320888888888889
"656",2021-06-15,"40",7.124191652,0.085235,6.02,-0.0196,43.5,2.20557967360961,"EF","2021-06-15 EF",0.0442178524207813
"657",2021-06-15,"41",7.932539683,0.051163,6.85,-0.0348,38.1,2.53853977732816,"FM_Branch","2021-06-15 FM_Branch",0.147440839592458
"658",2021-06-15,"42",7.726778366,0.054471,6.84,-0.0379,38.6,2.503181182243,"FM_Branch","2021-06-15 FM_Branch",0.147440839592458
"659",2021-06-29,"0",7.32707925,0.060523148,6.09,0.0166,4.76,4.27700403568162,"BD","2021-06-29 BD",1.18107612447504
"660",2021-06-29,"1",7.215065808,0.048703075,6.07,-0.014,4.29,4.22200177666027,"BD","2021-06-29 BD",1.18107612447504
"661",2021-06-29,"2",7.831139737,0.060304257,7.04,-0.0414,46.7,2.1947756584447,"LF","2021-06-29 LF",0.162836855108297
"662",2021-06-29,"4",7.453094371,0.0582248,7.1,-0.0441,47.8,2.19674002483832,"LF","2021-06-29 LF",0.162836855108297
"663",2021-06-29,"5",7.817138057,0.065229288,7.09,-0.0464,49.6,2.19379347524789,"LF","2021-06-29 LF",0.162836855108297
"664",2021-06-29,"6",7.649117894,0.063478166,7.21,-0.0799,48.8,2.20263312401918,"LF","2021-06-29 LF",0.162836855108297
"665",2021-06-29,"8",5.688882666,0.038634125,5.46,-0.0545,32.6,2.03959071334874,"FM","2021-06-29 FM",0.0763126419753062
"666",2021-06-29,"10",6.038924671,0.041808033,5.44,-0.0402,32.9,2.06414529326899,"FM","2021-06-29 FM",0.0763126419753062
"667",2021-06-29,"11",5.800896108,0.040385247,5.48,-0.0672,32.7,2.03664416375831,"FM","2021-06-29 FM",0.0763126419753062
"668",2021-06-29,"12",6.458975077,0.042793039,5.79,-0.0664,30.9,2.04351944613598,"FM_Branch","2021-06-29 FM_Branch",0.0586042934049364
"669",2021-06-29,"14",5.436852422,0.054722557,4.88,-0.0656,46.8,2.28513651255121,"EF","2021-06-29 EF",0.0175755645733328
"670",2021-06-29,"15",5.646877625,0.054941447,5,-0.0696,45.2,2.29201179492888,"EF","2021-06-29 EF",0.0175755645733328
"671",2021-06-29,"16",3.18258191,0.063697056,2.75,-0.0749,55.6,2.55229034208349,"MB","2021-06-29 MB",0.0804392398070395
"672",2021-06-29,"18",3.938672641,0.078691036,3.53,-0.0624,63.6,2.89900101055738,"MB","2021-06-29 MB",0.0804392398070395
"673",2021-06-29,"19",5.534864184,0.124001313,3.85,-0.0144,71.5,3.82225321555865,"MB","2021-06-29 MB",0.0804392398070395
"674",2021-06-29,"20",4.680761691,0.075188793,3.97,-0.0114,52.1,3.08365145155763,"MB","2021-06-29 MB",0.0804392398070395
"675",2021-06-29,"22",5.29683562,0.04859363,4.83,-0.0584,45.4,1.40117163542233,"DE","2021-06-29 DE",0.320888888888889
"676",2021-06-29,"23",5.702884346,0.060413703,5.18,-0.07,52,1.50528305428417,"DE","2021-06-29 DE",0.320888888888889
"677",2021-06-29,"24",5.828899468,0.062055379,5.28,-0.00139,57.2,1.48662157354479,"DE","2021-06-29 DE",0.320888888888889
"678",2021-06-29,"25",6.066928031,0.068731531,5.57,-0.0842,60.8,1.45715607764049,"DE","2021-06-29 DE",0.320888888888889
"679",2021-06-29,"40",5.086810417,0.05351866,4.7,-0.0288,44.7,2.21245495598728,"EF","2021-06-29 EF",0.0175755645733328
"680",2021-06-29,"41",6.010921311,0.037758564,5.62,-0.0555,30.1,2.02387578219978,"FM_Branch","2021-06-29 FM_Branch",0.0586042934049364
"681",2021-06-29,"42",6.388966676,0.040494692,5.66,-0.0505,30.4,2.0356619805615,"FM_Branch","2021-06-29 FM_Branch",0.0586042934049364
"682",2021-07-13,"0",5.870904509,0.055488672,5.37,0.208,4.82,4.018689855,"BD","2021-07-13 BD",1.1103698308683
"683",2021-07-13,"1",6.094931392,0.050235307,5.34,0.179,2.88,3.907703154,"BD","2021-07-13 BD",1.1103698308683
"684",2021-07-13,"2",3.126575189,0.060851483,3.05,0.0601,48.9,2.756584447,"LF","2021-07-13 LF",0.110459671709301
"685",2021-07-13,"4",3.308597032,0.061727044,3.09,0.0561,51.2,2.784085577,"LF","2021-07-13 LF",0.110459671709301
"686",2021-07-13,"5",3.448613834,0.06763708,3.15,0.054,52.2,2.738905149,"LF","2021-07-13 LF",0.110459671709301
"687",2021-07-13,"6",3.630635676,0.066761519,3.52,0.0521,53.7,2.783103393,"LF","2021-07-13 LF",0.110459671709301
"688",2021-07-13,"8",3.392607113,0.033709095,3.26,0.0453,24.5,2.30576236,"FM","2021-07-13 FM",0.286931460663542
"689",2021-07-13,"10",3.406608793,0.034694101,3.23,0.0447,25.4,2.309760937,"FM","2021-07-13 FM",0.286931460663542
"690",2021-07-13,"11",3.392607113,0.034146875,3.26,0.0559,26.2,2.311725303,"FM","2021-07-13 FM",0.286931460663542
"691",2021-07-13,"12",3.518622235,0.034365766,3.43,0.0556,20,2.232168464,"FM_Branch","2021-07-13 FM_Branch",0.220349015216567
"692",2021-07-13,"14",3.336600392,0.061070373,3.28,0.030177,47.5,2.76549394,"EF","2021-07-13 EF",0.0660831847054204
"693",2021-07-13,"15",3.658639037,0.06763708,3.44,0.0441,51.1,2.810674367,"EF","2021-07-13 EF",0.0660831847054204
"694",2021-07-13,"16",1.460375245,0.072452665,1.07,0.0522,51,3.454004361,"MB","2021-07-13 MB",0.0404076276402027
"695",2021-07-13,"18",1.754410529,0.088978877,1.31,0.0489,56.3,3.944113776,"MB","2021-07-13 MB",0.0404076276402027
"696",2021-07-13,"19",2.370484458,0.116340155,1.39,0.0781,55.8,4.48922545,"MB","2021-07-13 MB",0.0404076276402027
"697",2021-07-13,"20",2.062447494,0.093356682,1.48,0.0635,42.8,4.302610643,"MB","2021-07-13 MB",0.0404076276402027
"698",2021-07-13,"22",2.888546626,0.059319251,2.82,0.0459,54.9,2.157522541,"DE","2021-07-13 DE",NA
"699",2021-07-13,"23",3.18258191,0.069497647,3.17,0.0403,60.7,2.305832204,"DE","2021-07-13 DE",NA
"700",2021-07-13,"24",3.574628955,0.077596585,3.33,0.0655,66,2.390299959,"DE","2021-07-13 DE",NA
"701",2021-07-13,"25",3.826659199,0.085586079,3.72,0.03234,76.9,2.373602844,"DE","2021-07-13 DE",NA
"702",2021-07-13,"40",3.336600392,0.058662581,3.07,0.0171,44.9,2.672186536,"EF","2021-07-13 EF",0.0660831847054204
"703",2021-07-13,"41",3.574628955,0.030535187,3.31,0.0564,19,2.195827686,"FM_Branch","2021-07-13 FM_Branch",0.220349015216567
"704",2021-07-13,"42",3.518622235,0.0291124,3.31,0.0569,20.3,2.182077121,"FM_Branch","2021-07-13 FM_Branch",0.220349015216567
"705",2021-07-17,"0",NA,NA,4.37,0.144,4.68,3.830180525,"BD","2021-07-17 BD",41.1407766990291
"706",2021-07-17,"2",NA,NA,5.68,0.0776,224,4.961655568,"LF","2021-07-17 LF",10.38888468
"707",2021-07-17,"5",NA,NA,5.71,0.0761,234,4.951833736,"LF","2021-07-17 LF",10.38888468
"708",2021-07-17,"8",NA,NA,6.27,0.168,262,6.390732119,"FM","2021-07-17 FM",25.8736263736264
"709",2021-07-17,"11",NA,NA,4.85,0.14,236,6.418233249,"FM","2021-07-17 FM",25.8736263736264
"710",2021-07-17,"14",NA,NA,3.73,0.0982,203,6.344569509,"EF","2021-07-17 EF",5.95895489010989
"711",2021-07-17,"16",NA,NA,1.71,0.1189,203,5.947767498,"MB","2021-07-17 MB",1.83396169088508
"712",2021-07-17,"19",NA,NA,1.61,0.136,204,6.005716306,"MB","2021-07-17 MB",1.83396169088508
"713",2021-07-17,"22",NA,NA,5,0.0663,207,5.292651305,"DE","2021-07-17 DE",2.22681854516387
"714",2021-07-17,"24",NA,NA,5.4,0.0864,207,5.210147917,"DE","2021-07-17 DE",2.22681854516387
"715",2021-07-17,"42",NA,NA,6.25,0.142,263,6.629402636,"FM_Branch","2021-07-17 FM_Branch",19.8696513736264
"716",2021-07-27,"0",3.924670961,0.084929408,2.94,0.179,5.94,4.277760681,"BD","2021-07-27 BD",0.837413902875067
"717",2021-07-27,"1",4.078689443,0.118529058,2.91,0.203,6.83,4.29848581,"BD","2021-07-27 BD",0.837413902875067
"718",2021-07-27,"2",3.546625595,0.044872496,3.45,0.03266,32.5,2.325830418,"LF","2021-07-27 LF",0.084182046131335
"719",2021-07-27,"4",3.672640717,0.046623618,3.56,0.0433,36.5,2.352207854,"LF","2021-07-27 LF",0.084182046131335
"720",2021-07-27,"5",3.8966676,0.052205319,3.63,0.0617,42.1,2.364454521,"LF","2021-07-27 LF",0.084182046131335
"721",2021-07-27,"6",3.938672641,0.051767539,3.68,0.0562,40.4,2.339019136,"LF","2021-07-27 LF",0.084182046131335
"722",2021-07-27,"8",3.126575189,0.021451242,2.93,0.0408,14.9,2.051693494,"FM","2021-07-27 FM",0.203767873191365
"723",2021-07-27,"10",3.014561747,0.02440626,2.83,0.0451,15.2,1.972561186,"FM","2021-07-27 FM",0.203767873191365
"724",2021-07-27,"11",3.140576869,0.022217358,2.92,0.0536,14.8,1.968792981,"FM","2021-07-27 FM",0.203767873191365
"725",2021-07-27,"12",3.280593671,0.024296815,3.12,0.0524,11.1,1.989518109,"FM_Branch","2021-07-27 FM_Branch",0.156483538217309
"726",2021-07-27,"14",2.748529824,0.04388749,2.57,0.058,38.4,2.262712982,"EF","2021-07-27 EF",0.0469297788747033
"727",2021-07-27,"15",2.748529824,0.045748057,2.66,0.0517,38.1,2.326772469,"EF","2021-07-27 EF",0.0469297788747033
"728",2021-07-27,"16",1.586390367,0.0582248,1.39,0.0558,50.2,2.476558624,"MB","2021-07-27 MB",0.0337247670311421
"729",2021-07-27,"18",1.908429011,0.0671993,1.62,0.055,62.9,2.664968881,"MB","2021-07-27 MB",0.0337247670311421
"730",2021-07-27,"19",4.288714646,0.143701434,2.05,0.194,107,3.957463244,"MB","2021-07-27 MB",0.0337247670311421
"731",2021-07-27,"20",2.356482778,0.045310277,2.14,0.0509,32.5,2.804392471,"MB","2021-07-27 MB",0.0337247670311421
"732",2021-07-27,"22",3.22458695,0.032286308,3.18,0.03294,31.9,1.348923235,"DE","2021-07-27 DE",0.0986666666666667
"733",2021-07-27,"23",3.644637356,0.036773558,3.69,0.02876,36.6,1.479868364,"DE","2021-07-27 DE",0.0986666666666667
"734",2021-07-27,"24",3.88266592,0.045748057,3.9,0.0422,45.1,1.490230928,"DE","2021-07-27 DE",0.0986666666666667
"735",2021-07-27,"25",4.288714646,0.054065886,4.13,0.03639,52.7,1.495883236,"DE","2021-07-27 DE",0.0986666666666667
"736",2021-07-27,"40",2.4824979,0.030754077,2.27,0.02596,25.5,2.191117084,"EF","2021-07-27 EF",0.0469297788747033
"737",2021-07-27,"41",3.266591991,0.018824559,3.03,0.03821,11.6,1.89437093,"FM_Branch","2021-07-27 FM_Branch",0.156483538217309
"738",2021-07-27,"42",3.22458695,0.018824559,3.06,0.0401,13.3,1.934879135,"FM_Branch","2021-07-27 FM_Branch",0.156483538217309
"739",2021-08-10,"0",2.46849622,0.102878406,1.74,0.162,31.8,4.230658117,"BD","2021-08-10 BD",0.13524865
"740",2021-08-10,"1",2.734528143,0.075954909,1.86,0.0714,5.16,4.105365296,"BD","2021-08-10 BD",0.13524865
"741",2021-08-10,"2",0.5866704,0.055050892,0.298,0.041,44.6,2.560401188,"LF","2021-08-10 LF",0.0144920848356068
"742",2021-08-10,"4",0.637076449,0.054722557,0.282,0.0395,37.9,2.95041042,"LF","2021-08-10 LF",0.0144920848356068
"743",2021-08-10,"5",0.814897788,0.053737551,0.411,0.0397,36.6,2.750695548,"LF","2021-08-10 LF",0.0144920848356068
"744",2021-08-10,"6",0.764491739,0.061179818,0.397,0.0437,35.6,2.927801189,"LF","2021-08-10 LF",0.0144920848356068
"745",2021-08-10,"8",0.627275273,0.020247346,0.354,0.0481,10.5,2.029084263,"FM","2021-08-10 FM",0.0610457953898099
"746",2021-08-10,"10",0.606272753,0.021341797,0.353,0.0318,13.7,2.013069391,"FM","2021-08-10 FM",0.0610457953898099
"747",2021-08-10,"11",0.656678801,0.022217358,0.385,0.0477,14.8,2.084665289,"FM","2021-08-10 FM",0.0610457953898099
"748",2021-08-10,"12",0.810697284,0.016635657,0.51,0.0675,4.82,2.145898623,"FM_Branch","2021-08-10 FM_Branch",0.0468801185696045
"749",2021-08-10,"14",0.856902828,0.037977454,0.608,0.0571,27.2,2.126115546,"EF","2021-08-10 EF",0.0140594571362271
"750",2021-08-10,"15",0.803696444,0.031082412,0.554,0.0803,23.9,2.287206316,"EF","2021-08-10 EF",0.0140594571362271
"751",2021-08-10,"16",0.320638477,0.032067418,0.156,0.03839,21.7,1.470447851,"MB","2021-08-10 MB",0.0026094510076442
"752",2021-08-10,"18",0.470456455,0.069935427,0.172,0.0685,59.4,2.416267342,"MB","2021-08-10 MB",0.0026094510076442
"753",2021-08-10,"19",4.358723047,0.265185509,3.38,0.368,225,4.151525809,"MB","2021-08-10 MB",0.0026094510076442
"754",2021-08-10,"20",0.873704845,0.079566597,0.174,0.0493,60.3,3.435566832,"MB","2021-08-10 MB",0.0026094510076442
"755",2021-08-10,"22",0.977317278,0.023640144,0.841,0.02769,19.7,0.990943747,"DE","2021-08-10 DE",0.00304633992673445
"756",2021-08-10,"23",0.616073929,0.033927985,0.429,0.029233,30.9,1.445954518,"DE","2021-08-10 DE",0.00304633992673445
"757",2021-08-10,"24",0.809297116,0.039071905,0.683,0.03843,36.8,1.496951832,"DE","2021-08-10 DE",0.00304633992673445
"758",2021-08-10,"25",0.925511061,0.045200832,0.79,0.03197,46.1,1.37596302,"DE","2021-08-10 DE",0.00304633992673445
"759",2021-08-10,"40",0.452254271,0.039071905,0.258,0.0435,34.7,1.933074295,"EF","2021-08-10 EF",0.0140594571362271
"760",2021-08-10,"41",0.630075609,0.024953486,0.383,0.05,12.8,2.057814698,"FM_Branch","2021-08-10 FM_Branch",0.0468801185696045
"761",2021-08-10,"42",0.68608233,0.019919011,0.408,0.0457,12.2,2.09064112,"FM_Branch","2021-08-10 FM_Branch",0.0468801185696045
"762",2021-08-25,"0",NA,NA,0.108,0.699,158,4.569504924,"BD","2021-08-25 BD",0.12011914
"763",2021-08-25,"8",NA,NA,0.0767,0.0635,22.6,2.331680847,"FM","2021-08-25 FM",0.0379183001991641
"764",2021-08-25,"11",NA,NA,0.104,0.0543,28.4,2.294164936,"FM","2021-08-25 FM",0.0379183001991641
"765",2021-08-25,"42",NA,NA,0.11,0.0402,26,2.339184029,"FM_Branch","2021-08-25 FM_Branch",0.029119358637948
"766",2021-09-05,"0",NA,NA,0.17,0.0785,4.87,4.527299524,"BD","2021-09-05 BD",0.517448764085085
"767",2021-09-05,"2",NA,NA,0.15,0.03627,75.7,3.253634354,"LF","2021-09-05 LF",0.0110445136699383
"768",2021-09-05,"5",NA,NA,0.131,0.0587,86.7,3.800428753,"LF","2021-09-05 LF",0.0110445136699383
"769",2021-09-05,"8",NA,NA,0.124,0.0482,21.4,3.367119984,"FM","2021-09-05 FM",0.0583804731153253
"770",2021-09-05,"11",NA,NA,0.152,0.0438,23.8,3.319287198,"FM","2021-09-05 FM",0.0583804731153253
"771",2021-09-05,"41",NA,NA,0.147,0.0448,23.5,3.271454411,"FM_Branch","2021-09-05 FM_Branch",0.0448332843289141
"772",2021-09-05,"42",NA,NA,0.192,0.03279,25,3.271454411,"FM_Branch","2021-09-05 FM_Branch",0.0448332843289141
"773",2021-10-31,"0",1.278353402,0.12071796,0.4,0.0877,14.6,4.491200159,"BD","2021-10-31 BD",1.41621179888047
"774",2021-10-31,"1",1.194343321,0.113056802,0.401,0.0739,12.3,4.62669323,"BD","2021-10-31 BD",1.41621179888047
"775",2021-10-31,"2",0.583870064,0.084382182,0.212,0.0403,66.1,4.588381396,"LF","2021-10-31 LF",0.17827103931164
"776",2021-10-31,"4",0.669280314,0.087884426,0.244,0.03884,65.6,4.479986939,"LF","2021-10-31 LF",0.17827103931164
"777",2021-10-31,"5",0.659479137,0.089088322,0.296,0.0413,66,4.515495468,"LF","2021-10-31 LF",0.17827103931164
"778",2021-10-31,"6",1.614393727,0.09696837,1.11,0.0173,79.1,5.537767325,"LF","2021-10-31 LF",0.17827103931164
"779",2021-10-31,"8",4.890786894,0.14041808,4.41,0.0383,108,5.406011994,"FM","2021-10-31 FM",0.700714491817657
"780",2021-10-31,"10",4.722766732,0.128379118,4.34,0.0474,99.9,5.361159116,"FM","2021-10-31 FM",0.700714491817657
"781",2021-10-31,"11",4.960795295,0.131662471,4.37,0.0496,102,5.154648988,"FM","2021-10-31 FM",0.700714491817657
"782",2021-10-31,"12",5.716886026,0.128379118,5.11,0.0449,103,4.850957622,"FM_Branch","2021-10-31 FM_Branch",0.53811369399137
"783",2021-10-31,"14",2.762531504,0.100798949,2.4,0.0167,82.2,4.654726279,"EF","2021-10-31 EF",0.161381554610525
"784",2021-10-31,"15",3.000560067,0.102221736,2.53,0.02475,81.5,4.637906449,"EF","2021-10-31 EF",0.161381554610525
"785",2021-10-31,"16",1.488378605,0.084163292,1.01,0.01969,59,5.252764659,"MB","2021-10-31 MB",0.126874488334554
"786",2021-10-31,"18",1.768412209,0.093794462,1.15,0.02135,66.3,5.68914579,"MB","2021-10-31 MB",0.126874488334554
"787",2021-10-31,"19",1.726407169,0.100251724,1.2,0.03141,65.8,5.663916046,"MB","2021-10-31 MB",0.126874488334554
"788",2021-10-31,"20",1.908429011,0.088212761,1.3,0.0253,55.4,5.731195364,"MB","2021-10-31 MB",0.126874488334554
"789",2021-10-31,"22",3.056566788,0.079238262,2.95,0.0173,78.8,2.850332352,"DE","2021-10-31 DE",0.488209432454037
"790",2021-10-31,"23",3.18258191,0.09160556,3.16,0.014,84.1,2.9157428,"DE","2021-10-31 DE",0.488209432454037
"791",2021-10-31,"24",3.406608793,0.089307212,3.24,0.0156,85.2,2.869021051,"DE","2021-10-31 DE",0.488209432454037
"792",2021-10-31,"25",3.588630636,0.085804969,3.58,0.0172,81.8,2.73726572,"DE","2021-10-31 DE",0.488209432454037
"793",2021-10-31,"40",2.622514702,0.100689504,2.26,0.01974,77.8,4.681824893,"EF","2021-10-31 EF",0.161381554610525
"794",2021-10-31,"41",5.198823859,0.138229178,4.82,0.02379,106,4.899548241,"FM_Branch","2021-10-31 FM_Branch",0.53811369399137
"795",2021-10-31,"42",5.002800336,0.141512531,4.82,0.03123,104,4.780875,"FM_Branch","2021-10-31 FM_Branch",0.53811369399137
"796",2021-11-14,"0",1.206944833,0.078691036,0.383,0.0402,4.34,4.486527984,"BD","2021-11-14 BD",0.13937488
"797",2021-11-14,"1",1.215345842,0.085586079,0.368,0.0477,5.05,4.487462419,"BD","2021-11-14 BD",0.13937488
"798",2021-11-14,"2",0.784094091,0.04301193,0.494,-0.0246,33.7,3.670766255,"LF","2021-11-14 LF",0.0382387126489467
"799",2021-11-14,"4",0.768692243,0.03425632,0.457,-0.025,22.3,4.089393122,"LF","2021-11-14 LF",0.0382387126489467
"800",2021-11-14,"5",0.851302156,0.036007442,0.51,0.0036,22.9,3.99688406,"LF","2021-11-14 LF",0.0382387126489467
"801",2021-11-14,"6",1.155138617,0.047499179,0.855,-0.0151,32,4.229558367,"LF","2021-11-14 LF",0.0382387126489467
"802",2021-11-14,"8",1.432371885,0.014884535,1.26,-0.016,6.57,2.740069025,"FM","2021-11-14 FM",0.20075806313521
"803",2021-11-14,"10",1.404368524,0.018277334,1.23,0.0156,7.32,2.698953887,"FM","2021-11-14 FM",0.20075806313521
"804",2021-11-14,"11",1.502380286,0.016963993,1.23,-0.0196,6.96,2.709232671,"FM","2021-11-14 FM",0.20075806313521
"805",2021-11-14,"12",1.894427331,0.01948123,1.64,0.0011,5.62,2.710167106,"FM_Branch","2021-11-14 FM_Branch",0.154172154584685
"806",2021-11-14,"14",0.371044525,0.028346284,0.0937,-0.0176,18.7,3.482010391,"EF","2021-11-14 EF",0.0462365895206703
"807",2021-11-14,"15",0.40324839,0.026704608,0.127,-0.0164,18.3,3.506305701,"EF","2021-11-14 EF",0.0462365895206703
"808",2021-11-14,"16",0.28283394,0.048484185,0.0404,0.0071,37.3,2.830709217,"MB","2021-11-14 MB",0.00824017104642281
"809",2021-11-14,"18",0.317838141,0.073218781,0.0207,0.02751,67.6,3.743652183,"MB","2021-11-14 MB",0.00824017104642281
"810",2021-11-14,"19",0.418650238,0.084163292,0.0197,-0.0162,68.7,5.122878199,"MB","2021-11-14 MB",0.00824017104642281
"811",2021-11-14,"20",0.494259311,0.060632593,0.05,0.0043,37.3,5.216321696,"MB","2021-11-14 MB",0.00824017104642281
"812",2021-11-14,"22",0.386446374,0.032176863,0.229,-0.0175,30.4,1.953274781,"DE","2021-11-14 DE",0.409777777777778
"813",2021-11-14,"23",0.329039485,0.045748057,0.15,0.0021,44.3,2.399934696,"DE","2021-11-14 DE",0.409777777777778
"814",2021-11-14,"24",0.401848222,0.03874357,0.194,-0.0219,38.1,2.686806232,"DE","2021-11-14 DE",0.409777777777778
"815",2021-11-14,"25",0.610473257,0.050454197,0.394,-0.0145,46.3,2.89518523,"DE","2021-11-14 DE",0.409777777777778
"816",2021-11-14,"40",0.277233268,0.027580169,0.0391,0.0046,22.5,3.217973523,"EF","2021-11-14 EF",0.0462365895206703
"817",2021-11-14,"41",1.726407169,0.016526212,1.5,-0.0039,4.43,2.663945274,"FM_Branch","2021-11-14 FM_Branch",0.154172154584685
"818",2021-11-14,"42",1.740408849,0.016635657,1.51,-0.0144,5.83,2.626229736,"FM_Branch","2021-11-14 FM_Branch",0.154172154584685
"819",2021-11-28,"0",1.115933912,0.065557623,0.203,0.0290398,3.69,4.163463047,"BD","2021-11-28 BD",0.831839701270528
"820",2021-11-28,"1",1.093531224,0.066980409,0.203,0.02798,4.61,4.271407518,"BD","2021-11-28 BD",0.831839701270528
"821",2021-11-28,"2",1.167740129,0.022326803,0.874,-0.0016,13,3.555679318,"LF","2021-11-28 LF",0.0945767018565813
"822",2021-11-28,"4",1.205544665,0.019371785,0.936,-0.0258,11.1,3.578221939,"LF","2021-11-28 LF",0.0945767018565813
"823",2021-11-28,"5",1.276953234,0.020904017,1.04,-0.0231,12.1,3.504091398,"LF","2021-11-28 LF",0.0945767018565813
"824",2021-11-28,"6",1.642397088,0.019919011,1.45,-0.0183,11.3,3.502790863,"LF","2021-11-28 LF",0.0945767018565813
"825",2021-11-28,"8",2.818538225,0.009062055,2.71,0.0074,4.31,2.467347613,"FM","2021-11-28 FM",0.318432346917251
"826",2021-11-28,"10",2.804536544,0.013680639,2.69,0.0043,5.05,2.426814247,"FM","2021-11-28 FM",0.318432346917251
"827",2021-11-28,"11",2.818538225,0.012805078,2.71,-0.021,4.34,2.464313029,"FM","2021-11-28 FM",0.318432346917251
"828",2021-11-28,"12",3.322598712,0.008711831,3.25,-0.0217,4.74,2.410557549,"FM_Branch","2021-11-28 FM_Branch",0.244540120815103
"829",2021-11-28,"14",1.684402128,0.013023968,1.5,0.0104,7.68,2.682152775,"EF","2021-11-28 EF",0.0733381538185121
"830",2021-11-28,"15",1.754410529,0.014227865,1.58,-0.0165,7.38,2.731789891,"EF","2021-11-28 EF",0.0733381538185121
"831",2021-11-28,"16",1.027723327,0.050563642,0.749,-0.0156,38.9,3.348894127,"MB","2021-11-28 MB",0.130127504373141
"832",2021-11-28,"18",1.219546346,0.05800591,0.962,-0.0069,44.5,3.752927247,"MB","2021-11-28 MB",0.130127504373141
"833",2021-11-28,"19",1.390366844,0.061836489,1.05,-0.0013,44.3,3.930233628,"MB","2021-11-28 MB",0.130127504373141
"834",2021-11-28,"20",1.474376925,0.05286199,1.12,-0.008,32.4,4.002846876,"MB","2021-11-28 MB",0.130127504373141
"835",2021-11-28,"22",1.82441893,0.029987961,1.75,-0.0203,28.4,1.956020289,"DE","2021-11-28 DE",0.388289368505196
"836",2021-11-28,"23",2.090450854,0.034146875,1.98,-0.0293,33.7,2.121188335,"DE","2021-11-28 DE",0.388289368505196
"837",2021-11-28,"24",2.202464296,0.034475211,2.1,-0.0054,31.8,2.193368071,"DE","2021-11-28 DE",0.388289368505196
"838",2021-11-28,"25",2.4824979,0.036773558,2.46,-0.018,34.9,2.243221944,"DE","2021-11-28 DE",0.388289368505196
"839",2021-11-28,"40",1.586390367,0.012586188,1.38,-0.0129,8.88,2.615175181,"EF","2021-11-28 EF",0.0733381538185121
"840",2021-11-28,"41",3.16858023,0.018824559,3.06,-0.0177,3.43,2.371107964,"FM_Branch","2021-11-28 FM_Branch",0.244540120815103
"841",2021-11-28,"42",3.280593671,0.009576447,3.07,-0.0113,3.53,2.384546833,"FM_Branch","2021-11-28 FM_Branch",0.244540120815103
"842",2021-12-13,"0",1.740408849,0.157929298,0.818,-8e-04,14.1,4.46840204,"BD","2021-12-13 BD",4.07280572781853
"843",2021-12-13,"1",1.670400448,0.154645945,0.831,0.0079,10.5,4.598423452,"BD","2021-12-13 BD",4.07280572781853
"844",2021-12-13,"2",8.615233828,0.128379118,8.89,-0.0235,96.8,2.806565868,"LF","2021-12-13 LF",NA
"845",2021-12-13,"4",8.965275833,0.122906862,8.92,-0.0057,96.7,2.919318812,"LF","2021-12-13 LF",NA
"846",2021-12-13,"5",9.021282554,0.119623509,8.92,-0.0071,96,2.734444617,"LF","2021-12-13 LF",NA
"847",2021-12-13,"6",9.119294315,0.12071796,9.15,-0.0037,95.1,2.639975934,"LF","2021-12-13 LF",NA
"848",2021-12-13,"8",6.626995239,0.17872387,6.77,0.0069,136,3.120445683,"FM","2021-12-13 FM",0.659731319147052
"849",2021-12-13,"10",7.145057407,0.174346065,6.99,0.0127,125,3.149903659,"FM","2021-12-13 FM",0.659731319147052
"850",2021-12-13,"11",6.963035564,0.180912772,7.04,0.01984,130,3.075750823,"FM","2021-12-13 FM",0.659731319147052
"851",2021-12-13,"12",7.635116214,0.162307103,7.56,0.0069,113,3.000582194,"FM_Branch","2021-12-13 FM_Branch",0.506640666538978
"852",2021-12-13,"14",5.086810417,0.247674291,4.88,0.0071,200,3.208819612,"EF","2021-12-13 EF",0.151942720112758
"853",2021-12-13,"15",5.114813778,0.244390938,4.87,0.0062,183,3.184440597,"EF","2021-12-13 EF",0.151942720112758
"854",2021-12-13,"16",3.420610473,0.15902375,3.13,0.0034,107,3.654752423,"MB","2021-12-13 MB",1.76089828269485
"855",2021-12-13,"18",3.532623915,0.152457043,3.3,0.002,108,3.769536951,"MB","2021-12-13 MB",1.76089828269485
"856",2021-12-13,"19",3.602632316,0.164496005,3.35,5e-04,104,3.753284274,"MB","2021-12-13 MB",1.76089828269485
"857",2021-12-13,"20",3.85466256,0.176534968,3.46,0.0106,111,3.563331118,"MB","2021-12-13 MB",1.76089828269485
"858",2021-12-13,"22",4.218706245,0.073547116,4.22,-0.0067,69.4,1.74709452,"DE","2021-12-13 DE",0.528177458033573
"859",2021-12-13,"23",4.204704565,0.074313232,4.35,-0.0047,70.2,1.697320698,"DE","2021-12-13 DE",0.528177458033573
"860",2021-12-13,"24",4.274712966,0.075079348,4.43,-0.0105,69,1.737952389,"DE","2021-12-13 DE",0.528177458033573
"861",2021-12-13,"25",4.526743209,0.080551603,4.71,-0.0078,76,1.820231564,"DE","2021-12-13 DE",0.528177458033573
"862",2021-12-13,"40",4.960795295,0.242202036,4.84,0.0182,205,3.147872075,"EF","2021-12-13 EF",0.151942720112758
"863",2021-12-13,"41",7.649117894,0.157929298,7.47,0.0086,121,3.002613779,"FM_Branch","2021-12-13 FM_Branch",0.506640666538978
"864",2021-12-13,"42",7.621114534,0.155740396,7.45,0.0096,117,2.956903126,"FM_Branch","2021-12-13 FM_Branch",0.506640666538978
